"player","season","Team","TOI","GA","SA","SV_perc","GA_","FA","xGA","FSV_perc","xFSV_perc","d_FSV_perc","GSAA","GSAx"
"AARON.DELL","20162017","S.J",1110.52,37,532,93.05,36,741,46.11,95.14,93.78,1.36,9.05,10.11
"AARON.DELL","20172018","S.J",1522.08,67,775,91.35,66,1050,65.45,93.71,93.77,-0.05,1.04,-0.55
"AARON.DELL","20182019","S.J",1323.28,70,613,88.58,70,857,61.35,91.83,92.84,-1.01,-14.76,-8.65
"ALEXANDAR.GEORGIEV","20182019","NYR",1869.17,91,1056,91.38,91,1465,98.22,93.79,93.3,0.49,4.15,7.22
"ALEX.AULD","20072008","BOS",1172.68,46,554,91.7,46,756,45.04,93.92,94.04,-0.13,4.49,-0.96
"ALEX.AULD","20082009","OTT",2329.28,97,1088,91.08,96,1500,91.33,93.6,93.91,-0.31,2.68,-4.67
"ALEX.AULD","20092010","DAL",1181.01,59,558,89.43,59,805,43.25,92.67,94.63,-1.96,-9.42,-15.75
"ALEX.AULD","20102011","MTL",748.57,33,383,91.38,32,548,36.23,94.16,93.39,0.77,0.38,4.23
"ALEX.STALOCK","20132014","S.J",1251.3,39,570,93.16,39,774,43.41,94.96,94.39,0.57,10.07,4.41
"ALEX.STALOCK","20142015","S.J",1236.5,54,553,90.24,54,751,52.31,92.81,93.03,-0.23,-6.79,-1.69
"ALEX.STALOCK","20172018","MIN",1495.26,71,787,90.98,71,1130,61.31,93.72,94.57,-0.86,-1.91,-9.69
"ALEX.STALOCK","20182019","MIN",1065.1,53,525,89.9,52,731,44.48,92.89,93.91,-1.03,-5.69,-7.52
"AL.MONTOYA","20102011","NYI",1153.78,46,585,92.14,46,841,59.88,94.53,92.88,1.65,4.99,13.88
"AL.MONTOYA","20112012","NYI",1719.71,89,831,89.29,88,1135,81.38,92.25,92.83,-0.58,-17.08,-6.62
"AL.MONTOYA","20132014","WPG",1540.85,59,737,91.99,59,1000,61.24,94.1,93.88,0.22,4.45,2.24
"AL.MONTOYA","20142015","FLA",956.93,47,443,89.39,47,637,41.17,92.62,93.54,-0.92,-9.18,-5.83
"AL.MONTOYA","20152016","FLA",1351.24,49,608,91.94,49,861,52.36,94.31,93.92,0.39,2.78,3.36
"AL.MONTOYA","20162017","MTL",1124.33,50,569,91.21,50,770,48.42,93.51,93.71,-0.21,-0.74,-1.58
"ANDERS.LINDBACK","20102011","NSH",1131.05,49,576,91.49,49,804,44.86,93.91,94.42,-0.51,1.2,-4.14
"ANDERS.LINDBACK","20112012","NSH",792.42,32,364,91.21,32,532,35.05,93.98,93.41,0.57,-0.5,3.05
"ANDERS.LINDBACK","20122013","T.B",1304.19,63,642,90.19,63,915,55.1,93.11,93.98,-0.86,-6.45,-7.9
"ANDERS.LINDBACK","20132014","T.B",1302.31,63,580,89.14,62,852,52.2,92.72,93.87,-1.15,-13.07,-9.8
"ANDERS.LINDBACK","20142015","BUF",890.98,41,542,92.44,41,743,38.23,94.48,94.85,-0.37,5.27,-2.77
"ANDERS.LINDBACK","20152016","ARI",906.14,47,443,89.39,47,613,36.9,92.33,93.98,-1.65,-9.27,-10.1
"ANDERS.NILSSON","20132014","NYI",1096.17,57,545,89.54,57,793,57.82,92.81,92.71,0.1,-10.08,0.82
"ANDERS.NILSSON","20152016","EDM",1413.29,74,745,90.07,74,1035,67.84,92.85,93.45,-0.6,-10.55,-6.16
"ANDERS.NILSSON","20162017","BUF",1484.24,66,858,92.31,64,1193,77.73,94.64,93.48,1.15,8.27,13.73
"ANDERS.NILSSON","20172018","VAN",1463.68,84,850,90.12,84,1154,74.29,92.72,93.56,-0.84,-9.38,-9.71
"ANDERS.NILSSON","20182019","OTT",1320.3,64,745,91.41,63,1044,58.65,93.97,94.38,-0.42,3.13,-4.35
"ANDREI.VASILEVSKIY","20142015","T.B",864.12,34,415,91.81,34,570,32.28,94.04,94.34,-0.3,1.43,-1.72
"ANDREI.VASILEVSKIY","20152016","T.B",1258.63,58,646,91.02,58,902,50.4,93.57,94.41,-0.84,-2.98,-7.6
"ANDREI.VASILEVSKIY","20162017","T.B",2831.09,123,1480,91.69,122,1978,113,93.83,94.29,-0.46,5.12,-9
"ANDREI.VASILEVSKIY","20172018","T.B",3825.19,167,2075,91.95,165,2730,153.21,93.96,94.39,-0.43,15.17,-11.79
"ANDREI.VASILEVSKIY","20182019","T.B",3203.75,128,1713,92.53,128,2294,137.22,94.42,94.02,0.4,26.35,9.22
"ANDREW.HAMMOND","20142015","OTT",1411,42,707,94.06,42,968,56.73,95.66,94.14,1.52,18.35,14.73
"ANDREW.HAMMOND","20152016","OTT",1382.32,61,712,91.43,61,988,63.04,93.83,93.62,0.21,-0.36,2.04
"ANDREW.RAYCROFT","20072008","TOR",944.7,62,497,87.53,62,692,48.11,91.04,93.05,-2.01,-16.7,-13.89
"ANDREW.RAYCROFT","20082009","COL",1656.1,88,811,89.15,87,1152,64.89,92.45,94.37,-1.92,-13.7,-22.11
"ANDREW.RAYCROFT","20092010","VAN",902.19,35,404,91.34,35,572,35.03,93.88,93.88,0.01,0.9,0.03
"ANDREW.RAYCROFT","20102011","DAL",847.16,40,446,91.03,40,600,35.14,93.33,94.14,-0.81,-1.13,-4.86
"ANTERO.NIITTYMAKI","20072008","PHI",1265.2,62,656,90.55,62,876,57.88,92.92,93.39,-0.47,-2.21,-4.12
"ANTERO.NIITTYMAKI","20082009","PHI",1805.18,83,947,91.24,83,1306,85.54,93.64,93.45,0.19,3.76,2.54
"ANTERO.NIITTYMAKI","20092010","T.B",2657.19,127,1387,90.84,124,1888,118.95,93.43,93.7,-0.27,-3.76,-5.05
"ANTERO.NIITTYMAKI","20102011","S.J",1414.45,64,615,89.59,63,869,57.13,92.75,93.43,-0.68,-10.4,-5.87
"ANTON.FORSBERG","20172018","CHI",1714.8,85,921,90.77,85,1199,79.58,92.91,93.36,-0.45,-4.14,-5.42
"ANTON.KHUDOBIN","20122013","BOS",802.99,31,389,92.03,31,530,29.09,94.15,94.51,-0.36,3.27,-1.91
"ANTON.KHUDOBIN","20132014","CAR",2084.08,80,1076,92.57,80,1536,94.92,94.79,93.82,0.97,12.64,14.92
"ANTON.KHUDOBIN","20142015","CAR",1900.35,85,863,90.15,85,1228,82.48,93.08,93.28,-0.21,-11.33,-2.52
"ANTON.KHUDOBIN","20162017","BOS",864.79,38,402,90.55,36,539,34.39,93.32,93.62,-0.3,-3.2,-1.61
"ANTON.KHUDOBIN","20172018","BOS",1780.7,76,876,91.32,75,1213,76.08,93.82,93.73,0.09,0.91,1.08
"ANTON.KHUDOBIN","20182019","DAL",2219.5,95,1232,92.29,95,1678,101.4,94.34,93.96,0.38,16.01,6.4
"ANTTI.NIEMI","20092010","CHI",2185.92,82,933,91.21,80,1247,82.64,93.58,93.37,0.21,0.9,2.64
"ANTTI.NIEMI","20102011","S.J",3523.93,140,1741,91.96,140,2380,139.1,94.12,94.16,-0.04,11.75,-0.9
"ANTTI.NIEMI","20112012","S.J",3915.77,159,1850,91.41,158,2609,153.58,93.94,94.11,-0.17,1.12,-4.42
"ANTTI.NIEMI","20122013","S.J",2580.76,93,1220,92.38,93,1717,103.83,94.58,93.95,0.63,14.46,10.83
"ANTTI.NIEMI","20132014","S.J",3720.27,145,1680,91.37,144,2392,139.8,93.98,94.16,-0.18,-0.36,-4.2
"ANTTI.NIEMI","20142015","S.J",3567.92,155,1796,91.37,154,2510,152.16,93.86,93.94,-0.07,-1.68,-1.84
"ANTTI.NIEMI","20152016","DAL",2634.37,117,1232,90.5,116,1779,116,93.48,93.48,0,-12.08,0
"ANTTI.NIEMI","20162017","DAL",1728.5,95,881,89.22,95,1255,85.01,92.43,93.23,-0.8,-18.74,-9.99
"ANTTI.NIEMI","20172018","MTL",1026.27,42,592,92.91,42,845,55.67,95.03,93.41,1.62,9.97,13.67
"ANTTI.NIEMI","20182019","MTL",968.8,61,540,88.7,61,717,43.24,91.49,93.97,-2.48,-12.34,-17.76
"ANTTI.RAANTA","20132014","CHI",1376.67,63,601,89.52,61,814,53.14,92.51,93.47,-0.97,-11.26,-7.86
"ANTTI.RAANTA","20142015","CHI",792.16,25,389,93.57,24,516,29.34,95.35,94.31,1.03,8.21,5.34
"ANTTI.RAANTA","20152016","NYR",1150.35,43,530,91.89,43,744,51.55,94.22,93.07,1.15,2.14,8.55
"ANTTI.RAANTA","20162017","NYR",1617.33,61,782,92.2,61,1082,68.19,94.36,93.7,0.66,6.69,7.19
"ANTTI.RAANTA","20172018","ARI",2599.06,97,1388,93.01,96,2013,120.99,95.23,93.99,1.24,24.86,24.99
"ANTTI.RAANTA","20182019","ARI",687.1,33,351,90.6,33,505,32.5,93.47,93.56,-0.1,-1.37,-0.5
"BEN.BISHOP","20122013","OTT",753.2,31,399,92.23,31,542,31.85,94.28,94.12,0.16,4.15,0.85
"BEN.BISHOP","20132014","T.B",3586.31,133,1759,92.44,132,2472,146.09,94.66,94.09,0.57,18.44,14.09
"BEN.BISHOP","20142015","T.B",3499.04,134,1606,91.66,132,2234,131.09,94.09,94.13,-0.04,3.1,-0.91
"BEN.BISHOP","20152016","T.B",3579.62,123,1671,92.64,122,2333,129.2,94.77,94.46,0.31,19.31,7.2
"BEN.BISHOP","20162017","T.B",1812.55,77,870,91.15,77,1220,73.54,93.69,93.97,-0.28,-1.69,-3.46
"BEN.BISHOP","20172018","DAL",2886.77,120,1433,91.63,120,1975,121.02,93.92,93.87,0.05,5.81,1.02
"BEN.BISHOP","20182019","DAL",2637.3,87,1323,93.42,87,1826,107.03,95.24,94.14,1.1,32.21,20.03
"BEN.SCRIVENS","20112012","TOR",671.62,35,359,90.25,35,509,34.09,93.12,93.3,-0.18,-3.93,-0.91
"BEN.SCRIVENS","20122013","TOR",1024.83,46,542,91.51,46,760,42.63,93.95,94.39,-0.44,1.74,-3.37
"BEN.SCRIVENS","20132014","EDM",1234.87,62,741,91.63,62,1047,66.12,94.08,93.68,0.39,1.8,4.12
"BEN.SCRIVENS","20132014","L.A",975.22,32,464,93.1,32,652,39.83,95.09,93.89,1.2,7.95,7.83
"BEN.SCRIVENS","20142015","EDM",3226.44,169,1540,89.03,168,2164,137.96,92.24,93.62,-1.39,-37.54,-30.04
"BEN.SCRIVENS","20152016","MTL",821.96,42,447,90.6,42,594,37.64,92.93,93.66,-0.73,-3.93,-4.36
"BRADEN.HOLTBY","20122013","WSH",2089.25,90,1123,91.99,89,1477,89.08,93.97,93.97,0.01,8.92,0.08
"BRADEN.HOLTBY","20132014","WSH",2656.36,126,1475,91.46,126,2015,123.03,93.75,93.89,-0.15,0.99,-2.97
"BRADEN.HOLTBY","20142015","WSH",4227.48,156,2034,92.33,155,2815,167.59,94.49,94.05,0.45,17.64,12.59
"BRADEN.HOLTBY","20152016","WSH",3841.18,141,1803,92.18,141,2553,155.04,94.48,93.93,0.55,12.55,14.04
"BRADEN.HOLTBY","20162017","WSH",3680.13,127,1690,92.49,127,2413,154.29,94.74,93.61,1.13,19.29,27.29
"BRADEN.HOLTBY","20172018","WSH",3067.56,153,1648,90.72,151,2336,150.05,93.54,93.58,-0.04,-8.32,-0.95
"BRADEN.HOLTBY","20182019","WSH",3406.57,160,1795,91.09,160,2552,166.75,93.73,93.47,0.26,1.74,6.75
"BRENT.JOHNSON","20072008","WSH",1032,46,500,90.8,46,646,40.96,92.88,93.66,-0.78,-0.43,-5.04
"BRENT.JOHNSON","20082009","WSH",1131.14,53,579,90.85,53,779,46.58,93.2,94.02,-0.82,0.05,-6.42
"BRENT.JOHNSON","20092010","PIT",1043.12,49,512,90.43,49,692,44.62,92.92,93.55,-0.63,-3.51,-4.38
"BRENT.JOHNSON","20102011","PIT",1296.7,47,604,92.22,46,868,51.19,94.7,94.1,0.6,5.64,5.19
"BRIAN.BOUCHER","20082009","S.J",1286.39,47,558,91.58,46,758,50.5,93.93,93.34,0.59,4.12,4.5
"BRIAN.BOUCHER","20092010","PHI",1742.03,80,796,89.95,80,1098,69.58,92.71,93.66,-0.95,-9.27,-10.42
"BRIAN.BOUCHER","20102011","PHI",1884.58,76,902,91.57,76,1285,75.75,94.09,94.11,-0.02,2.62,-0.25
"BRIAN.ELLIOTT","20082009","OTT",1667.04,77,786,90.2,75,1055,62.75,92.89,94.05,-1.16,-4.99,-12.25
"BRIAN.ELLIOTT","20092010","OTT",3037.92,130,1423,90.86,129,1937,116.07,93.34,94.01,-0.67,-3.56,-12.93
"BRIAN.ELLIOTT","20102011","OTT",2292.95,122,1147,89.36,122,1569,98.04,92.22,93.75,-1.53,-22.03,-23.96
"BRIAN.ELLIOTT","20102011","COL",690.16,44,404,89.11,43,557,37.36,92.28,93.29,-1.01,-8.79,-5.64
"BRIAN.ELLIOTT","20112012","STL",2214.39,58,966,94,58,1356,76.76,95.72,94.34,1.38,25.61,18.76
"BRIAN.ELLIOTT","20122013","STL",1251.88,48,508,90.55,48,722,43.76,93.35,93.94,-0.59,-3.25,-4.24
"BRIAN.ELLIOTT","20132014","STL",1624.25,53,681,92.22,53,987,57.7,94.63,94.15,0.48,5.63,4.7
"BRIAN.ELLIOTT","20142015","STL",2545.79,96,1150,91.65,95,1613,91.65,94.11,94.32,-0.21,2.17,-3.35
"BRIAN.ELLIOTT","20152016","STL",2263,78,1114,93,77,1546,100.7,95.02,93.49,1.53,16.87,23.7
"BRIAN.ELLIOTT","20162017","CGY",2824.39,121,1331,90.91,118,1803,114.14,93.46,93.67,-0.21,-5.78,-3.86
"BRIAN.ELLIOTT","20172018","PHI",2521.98,112,1228,90.88,110,1734,104.29,93.66,93.99,-0.33,-4.19,-5.71
"BRIAN.ELLIOTT","20182019","PHI",1356.72,67,724,90.75,67,987,64.91,93.21,93.42,-0.21,-1.76,-2.09
"CALVIN.PICKARD","20142015","COL",895.09,35,511,93.15,35,700,43.96,95,93.72,1.28,8.62,8.96
"CALVIN.PICKARD","20152016","COL",980.42,42,537,92.18,42,745,48.46,94.36,93.5,0.87,3.73,6.46
"CALVIN.PICKARD","20162017","COL",2800.24,140,1449,90.34,140,1975,114.75,92.91,94.19,-1.28,-14.57,-25.25
"CAM.TALBOT","20132014","NYR",1210.66,33,560,94.11,32,780,48.11,95.9,93.83,2.07,15.21,16.11
"CAM.TALBOT","20142015","NYR",2094.93,77,1038,92.58,77,1481,94.41,94.8,93.63,1.18,11.61,17.41
"CAM.TALBOT","20152016","EDM",3176.6,136,1636,91.69,136,2251,143.24,93.96,93.64,0.32,3.33,7.24
"CAM.TALBOT","20162017","EDM",4289,171,2109,91.89,168,2844,196.43,94.09,93.09,1,11.56,28.43
"CAM.TALBOT","20172018","EDM",3730.09,188,2036,90.77,187,2766,191.7,93.24,93.07,0.17,-9.25,4.7
"CAM.TALBOT","20182019","EDM",1694.57,95,888,89.3,94,1209,78.55,92.22,93.5,-1.28,-14.99,-15.45
"CAM.WARD","20072008","CAR",3745.35,171,1758,90.27,171,2460,162.71,93.05,93.39,-0.34,-10.77,-8.29
"CAM.WARD","20082009","CAR",3843.1,158,1843,91.43,156,2592,166.9,93.98,93.56,0.42,10.86,10.9
"CAM.WARD","20092010","CAR",2586.09,117,1371,91.47,116,1886,132.14,93.85,92.99,0.86,4.82,16.14
"CAM.WARD","20102011","CAR",4257.58,181,2342,92.27,180,3328,208.5,94.59,93.73,0.86,23.13,28.5
"CAM.WARD","20112012","CAR",3985.77,181,2141,91.55,181,3006,195.86,93.98,93.48,0.49,4.3,14.86
"CAM.WARD","20122013","CAR",929.44,44,477,90.78,44,665,41.97,93.38,93.69,-0.31,-1.98,-2.03
"CAM.WARD","20132014","CAR",1645.27,84,824,89.81,83,1147,75.54,92.76,93.41,-0.65,-13.06,-7.46
"CAM.WARD","20142015","CAR",3005.7,120,1338,91.03,118,1916,117.28,93.84,93.88,-0.04,-5.78,-0.72
"CAM.WARD","20152016","CAR",3032.82,122,1340,90.9,120,1904,121.72,93.7,93.61,0.09,-7.88,1.72
"CAM.WARD","20162017","CAR",3617.92,162,1711,90.53,162,2348,150.74,93.1,93.58,-0.48,-13.89,-11.26
"CAM.WARD","20172018","CAR",2459.34,112,1187,90.56,112,1631,101.71,93.13,93.76,-0.63,-7.79,-10.29
"CAM.WARD","20182019","CHI",1882.05,115,1113,89.67,114,1459,99.59,92.19,93.17,-0.99,-14.71,-14.41
"CAREY.PRICE","20072008","MTL",2388.35,102,1272,91.98,101,1732,104.93,94.17,93.94,0.23,13.93,3.93
"CAREY.PRICE","20082009","MTL",2940.64,141,1477,90.45,140,2008,127.54,93.03,93.65,-0.62,-5.68,-12.46
"CAREY.PRICE","20092010","MTL",2273.63,106,1189,91.08,105,1649,98.68,93.63,94.02,-0.38,-0.35,-6.32
"CAREY.PRICE","20102011","MTL",4206.16,165,2147,92.31,163,2892,180.32,94.36,93.76,0.6,22.13,17.32
"CAREY.PRICE","20112012","MTL",3939.08,160,1911,91.63,160,2645,159.72,93.95,93.96,-0.01,5.4,-0.28
"CAREY.PRICE","20122013","MTL",2229.03,95,1008,90.58,95,1376,84.14,93.1,93.89,-0.79,-6.21,-10.86
"CAREY.PRICE","20132014","MTL",3464.38,134,1827,92.67,132,2491,154.92,94.7,93.78,0.92,23.29,22.92
"CAREY.PRICE","20142015","MTL",3976.55,130,1953,93.34,130,2702,165.35,95.19,93.88,1.31,36.72,35.35
"CAREY.PRICE","20162017","MTL",3708.07,138,1794,92.31,138,2397,149.19,94.24,93.78,0.47,17.3,11.19
"CAREY.PRICE","20172018","MTL",2854.62,148,1487,90.05,148,1992,121.67,92.57,93.89,-1.32,-17.45,-26.33
"CAREY.PRICE","20182019","MTL",3880.25,161,1952,91.75,161,2652,163.11,93.93,93.85,0.08,14.89,2.11
"CARTER.HART","20182019","PHI",1716.92,81,976,91.7,81,1289,76.49,93.72,94.07,-0.35,6.94,-4.51
"CARTER.HUTTON","20132014","NSH",2085.26,91,1006,90.95,91,1384,76.9,93.42,94.44,-1.02,-4.39,-14.1
"CARTER.HUTTON","20142015","NSH",1009.84,44,450,90.22,44,650,40.15,93.23,93.82,-0.59,-5.59,-3.85
"CARTER.HUTTON","20152016","NSH",978.93,38,464,91.81,37,660,39.76,94.39,93.98,0.42,1.52,2.76
"CARTER.HUTTON","20162017","STL",1457.95,58,663,91.25,58,930,57.13,93.76,93.86,-0.09,-0.61,-0.87
"CARTER.HUTTON","20172018","STL",1609.55,56,810,93.09,55,1080,69.07,94.91,93.6,1.3,15.11,14.07
"CARTER.HUTTON","20182019","BUF",2839.62,142,1541,90.79,141,2107,128.88,93.31,93.88,-0.58,-3.15,-12.12
"CASEY.DESMITH","20182019","PIT",1943.55,89,1060,91.6,89,1383,87.11,93.56,93.7,-0.14,6.51,-1.89
"CHAD.JOHNSON","20132014","BOS",1510.82,53,708,92.51,53,967,62.52,94.52,93.53,0.98,7.95,9.52
"CHAD.JOHNSON","20142015","NYI",1052.81,54,488,88.93,54,681,43.17,92.07,93.66,-1.59,-12.34,-10.83
"CHAD.JOHNSON","20152016","BUF",2591.05,102,1271,91.97,101,1801,108.99,94.39,93.95,0.44,6.24,7.99
"CHAD.JOHNSON","20162017","CGY",2013.21,87,969,91.02,86,1374,87.13,93.74,93.66,0.08,-3.12,1.13
"CHAD.JOHNSON","20172018","BUF",1773.54,105,963,89.1,105,1321,80.47,92.05,93.91,-1.86,-20.46,-24.53
"CHARLIE.LINDGREN","20172018","MTL",832.97,42,457,90.81,42,645,43.75,93.49,93.22,0.27,-1.88,1.75
"CHRIS.MASON","20072008","NSH",2613.38,127,1241,89.77,127,1617,99.23,92.15,93.86,-1.72,-13.89,-27.77
"CHRIS.MASON","20082009","STL",3154.76,127,1509,91.58,126,2136,128.99,94.1,93.96,0.14,11.26,2.99
"CHRIS.MASON","20092010","STL",3492.12,148,1695,91.27,148,2388,148.89,93.8,93.77,0.04,2.61,0.89
"CHRIS.MASON","20102011","ATL",1681.66,95,882,89.23,95,1178,78.91,91.94,93.3,-1.37,-18.13,-16.09
"CHRIS.MASON","20112012","WPG",974.88,43,416,89.66,41,631,41.01,93.5,93.5,0,-7,0.01
"CHRIS.OSGOOD","20072008","DET",2346.41,80,955,91.62,75,1290,81.96,94.19,93.65,0.54,7.04,6.96
"CHRIS.OSGOOD","20082009","DET",2662.73,137,1208,88.66,136,1621,103.98,91.61,93.59,-1.98,-26.32,-32.02
"CHRIS.OSGOOD","20092010","DET",1252.03,63,561,88.77,63,784,47.15,91.96,93.99,-2.02,-13.15,-15.85
"COLLIN.DELIA","20182019","CHI",831.05,50,544,90.81,50,696,47.75,92.82,93.14,-0.32,-0.98,-2.25
"CONNOR.HELLEBUYCK","20152016","WPG",1433.46,56,683,91.8,55,936,62.24,94.12,93.35,0.77,2.17,7.24
"CONNOR.HELLEBUYCK","20162017","WPG",3013.51,144,1567,90.81,138,2082,129.34,93.37,93.79,-0.42,-8.35,-8.66
"CONNOR.HELLEBUYCK","20172018","WPG",3965.9,156,2048,92.38,155,2851,168.02,94.56,94.11,0.46,23.8,13.02
"CONNOR.HELLEBUYCK","20182019","WPG",3704.1,179,2051,91.27,179,2767,172.92,93.53,93.75,-0.22,5.81,-6.08
"COREY.CRAWFORD","20102011","CHI",3331.63,128,1542,91.7,126,2088,130.24,93.97,93.76,0.2,6.4,4.24
"COREY.CRAWFORD","20112012","CHI",3218.23,146,1507,90.31,144,1999,125.4,92.8,93.73,-0.93,-15.57,-18.6
"COREY.CRAWFORD","20122013","CHI",1760.52,57,769,92.59,57,1019,64.53,94.41,93.67,0.74,10.74,7.53
"COREY.CRAWFORD","20132014","CHI",3395.02,128,1533,91.65,127,2043,127.05,93.78,93.78,0,3.98,0.05
"COREY.CRAWFORD","20142015","CHI",3313.31,126,1655,92.39,126,2177,137.97,94.21,93.66,0.55,15.28,11.97
"COREY.CRAWFORD","20152016","CHI",3322.65,131,1718,92.37,130,2292,153.46,94.33,93.3,1.02,15.31,23.46
"COREY.CRAWFORD","20162017","CHI",3246.88,138,1690,91.83,136,2233,143.71,93.91,93.56,0.35,8.29,7.71
"COREY.CRAWFORD","20172018","CHI",1583.52,60,842,92.87,59,1155,72.49,94.89,93.72,1.17,13.92,13.49
"COREY.CRAWFORD","20182019","CHI",2212.85,108,1176,90.82,108,1571,108.52,93.13,93.09,0.03,-2.03,0.52
"CORY.SCHNEIDER","20102011","VAN",1371.31,51,714,92.86,51,975,67.93,94.77,93.03,1.74,11.23,16.93
"CORY.SCHNEIDER","20112012","VAN",1832.82,60,945,93.65,60,1220,78.48,95.08,93.57,1.51,21.79,18.48
"CORY.SCHNEIDER","20122013","VAN",1733.32,61,835,92.69,61,1110,70.55,94.5,93.64,0.86,12.55,9.55
"CORY.SCHNEIDER","20132014","N.J",2679.92,88,1107,92.05,86,1496,94.52,94.25,93.68,0.57,7.31,8.52
"CORY.SCHNEIDER","20142015","N.J",3923.95,148,1982,92.53,145,2622,163.01,94.47,93.78,0.69,21.2,18.01
"CORY.SCHNEIDER","20152016","N.J",3407.41,122,1595,92.35,122,2123,139.79,94.25,93.42,0.84,13.83,17.79
"CORY.SCHNEIDER","20162017","N.J",3467.84,163,1779,90.84,160,2418,152.4,93.38,93.7,-0.31,-9,-7.6
"CORY.SCHNEIDER","20172018","N.J",2332.26,114,1228,90.72,114,1712,110.13,93.34,93.57,-0.23,-6.19,-3.87
"CORY.SCHNEIDER","20182019","N.J",1351.78,70,712,90.17,70,986,61.02,92.9,93.81,-0.91,-5.84,-8.98
"CRAIG.ANDERSON","20072008","FLA",875.13,33,501,93.41,33,683,41.89,95.17,93.87,1.3,12.66,8.89
"CRAIG.ANDERSON","20082009","FLA",1635.93,74,977,92.43,73,1284,83.6,94.31,93.49,0.83,15.51,10.6
"CRAIG.ANDERSON","20092010","COL",4235.26,186,2231,91.66,186,3049,178.4,93.9,94.15,-0.25,12.23,-7.6
"CRAIG.ANDERSON","20102011","COL",1810.28,99,957,89.66,99,1299,76.17,92.38,94.14,-1.76,-15.59,-22.83
"CRAIG.ANDERSON","20102011","OTT",1054.82,36,589,93.89,36,794,50.53,95.47,93.64,1.83,15.34,14.53
"CRAIG.ANDERSON","20112012","OTT",3433.01,162,1891,91.43,161,2549,162.8,93.68,93.61,0.07,1.66,1.8
"CRAIG.ANDERSON","20122013","OTT",1420.61,40,677,94.09,40,906,51.89,95.58,94.27,1.31,19.63,11.89
"CRAIG.ANDERSON","20132014","OTT",2998.51,150,1680,91.07,147,2262,142.48,93.5,93.7,-0.2,-5.36,-4.52
"CRAIG.ANDERSON","20142015","OTT",2092.51,87,1134,92.33,87,1524,90.09,94.29,94.09,0.2,9.81,3.09
"CRAIG.ANDERSON","20152016","OTT",3477.13,161,1915,91.59,160,2576,155.19,93.79,93.98,-0.19,2.09,-4.81
"CRAIG.ANDERSON","20162017","OTT",2421.25,92,1247,92.62,90,1715,99.78,94.75,94.18,0.57,15.95,9.78
"CRAIG.ANDERSON","20172018","OTT",3250.53,180,1768,89.82,180,2401,153.57,92.5,93.6,-1.1,-24.78,-26.43
"CRAIG.ANDERSON","20182019","OTT",2785.18,163,1675,90.27,162,2270,137.12,92.86,93.96,-1.1,-12.07,-24.88
"CRISTOBAL.HUET","20072008","MTL",2115.48,88,1078,91.84,85,1517,87.77,94.4,94.21,0.18,10.25,2.77
"CRISTOBAL.HUET","20082009","CHI",2330.96,99,1075,90.79,99,1437,94.65,93.11,93.41,-0.3,-0.51,-4.35
"CRISTOBAL.HUET","20092010","CHI",2731.76,114,1083,89.47,113,1486,94.27,92.4,93.66,-1.26,-17.77,-18.73
"CURTIS.JOSEPH","20082009","TOR",835.7,50,381,86.88,50,571,36.71,91.24,93.57,-2.33,-15.09,-13.29
"CURTIS.MCELHINNEY","20102011","ANA",996.25,57,516,88.95,55,748,50.53,92.65,93.24,-0.6,-12.03,-4.47
"CURTIS.MCELHINNEY","20132014","CBJ",1423.16,64,703,90.9,64,938,52.27,93.18,94.43,-1.25,-3.48,-11.73
"CURTIS.MCELHINNEY","20142015","CBJ",1710,82,949,91.36,82,1273,84.08,93.56,93.4,0.16,-0.99,2.08
"CURTIS.MCELHINNEY","20152016","CBJ",835.44,46,417,88.97,46,586,42.6,92.15,92.73,-0.58,-10.49,-3.4
"CURTIS.MCELHINNEY","20162017","TOR",758.66,36,418,91.39,36,596,38.19,93.96,93.59,0.37,0.18,2.19
"CURTIS.MCELHINNEY","20172018","TOR",959.12,34,509,93.32,34,722,42.45,95.29,94.12,1.17,10.69,8.45
"CURTIS.MCELHINNEY","20182019","CAR",1977.52,85,968,91.22,85,1364,91.27,93.77,93.31,0.46,2.22,6.27
"CURTIS.SANFORD","20082009","VAN",972.58,42,448,90.62,42,641,37.67,93.45,94.12,-0.68,-0.95,-4.33
"CURTIS.SANFORD","20112012","CBJ",1982.94,86,971,91.14,86,1320,77.41,93.48,94.14,-0.65,-1.96,-8.59
"DAN.ELLIS","20072008","NSH",2165.09,86,1110,92.25,81,1450,87.01,94.41,94,0.41,15.17,6.01
"DAN.ELLIS","20082009","NSH",1902.45,93,928,89.98,93,1291,86.78,92.8,93.28,-0.48,-7.98,-6.22
"DAN.ELLIS","20092010","NSH",1714.64,77,848,90.92,77,1154,72.24,93.33,93.74,-0.41,-1.65,-4.76
"DAN.ELLIS","20102011","T.B",1677.48,82,739,88.9,81,1060,62.97,92.36,94.06,-1.7,-17.59,-18.03
"DAN.ELLIS","20122013","CAR",977.07,52,548,90.51,51,747,52.27,93.17,93,0.17,-3.73,1.27
"DAN.ELLIS","20132014","DAL",690.04,35,349,89.97,35,503,31.32,93.04,93.77,-0.73,-4.95,-3.68
"DANY.SABOURIN","20072008","PIT",1201.49,54,584,90.75,52,805,48.32,93.54,94,-0.46,-0.77,-3.68
"DANY.SABOURIN","20082009","PIT",989.44,47,463,89.85,47,647,41.69,92.74,93.56,-0.82,-4.58,-5.31
"DARCY.KUEMPER","20132014","MIN",1480.24,60,702,91.45,59,978,51.54,93.97,94.73,-0.76,0.44,-7.46
"DARCY.KUEMPER","20142015","MIN",1548.71,67,713,90.6,67,999,54.23,93.29,94.57,-1.28,-6.13,-12.77
"DARCY.KUEMPER","20152016","MIN",1063.4,43,507,91.52,43,713,42.25,93.97,94.07,-0.11,0.18,-0.75
"DARCY.KUEMPER","20162017","MIN",1053.04,55,562,90.21,55,790,44.75,93.04,94.34,-1.3,-6.35,-10.25
"DARCY.KUEMPER","20172018","L.A",999.21,35,516,93.22,35,720,45.36,95.14,93.7,1.44,10.3,10.36
"DARCY.KUEMPER","20182019","ARI",3251.25,126,1677,92.49,126,2339,134.05,94.61,94.27,0.34,25.11,8.05
"DAVID.RITTICH","20172018","CGY",1008.19,49,512,90.43,48,719,43.54,93.32,93.94,-0.62,-4.05,-4.46
"DAVID.RITTICH","20182019","CGY",2503.33,109,1228,91.12,108,1722,106.83,93.73,93.8,-0.07,1.65,-1.17
"DEVAN.DUBNYK","20092010","EDM",1075.43,64,579,88.95,64,849,49.42,92.46,94.18,-1.72,-12.55,-14.58
"DEVAN.DUBNYK","20102011","EDM",2061.03,93,1103,91.57,93,1518,100.51,93.87,93.38,0.49,3.14,7.51
"DEVAN.DUBNYK","20112012","EDM",2653.44,118,1379,91.44,117,1882,129.61,93.78,93.11,0.67,1.35,12.61
"DEVAN.DUBNYK","20122013","EDM",2100.96,90,1132,92.05,90,1571,103.67,94.27,93.4,0.87,9.71,13.67
"DEVAN.DUBNYK","20132014","EDM",1677.66,94,885,89.38,94,1241,80.99,92.43,93.47,-1.05,-17.81,-13.01
"DEVAN.DUBNYK","20142015","MIN",2268.28,68,1054,93.55,68,1475,77.88,95.39,94.72,0.67,21.98,9.88
"DEVAN.DUBNYK","20142015","ARI",1034.94,47,561,91.62,47,804,47.6,94.15,94.08,0.07,0.89,0.6
"DEVAN.DUBNYK","20152016","MIN",3841.23,150,1826,91.79,148,2572,145.3,94.25,94.35,-0.1,5.51,-2.7
"DEVAN.DUBNYK","20162017","MIN",3753.01,141,1839,92.33,140,2553,133.65,94.52,94.76,-0.25,18.19,-6.35
"DEVAN.DUBNYK","20172018","MIN",3450.26,145,1769,91.8,145,2475,128.9,94.14,94.79,-0.65,10.31,-16.1
"DEVAN.DUBNYK","20182019","MIN",3855.27,163,1877,91.32,160,2632,141.21,93.92,94.63,-0.71,6.13,-18.79
"DOMINIK.HASEK","20072008","DET",2287.06,84,832,89.9,84,1160,76.5,92.76,93.41,-0.65,-8.17,-7.5
"DUSTIN.TOKARSKI","20142015","MTL",999.97,46,507,90.93,46,684,44.36,93.27,93.51,-0.24,-2.72,-1.64
"DWAYNE.ROLOSON","20072008","EDM",2280.2,114,1160,90.17,114,1538,99.38,92.59,93.54,-0.95,-8.27,-14.62
"DWAYNE.ROLOSON","20082009","EDM",3531.16,163,1919,91.51,161,2606,156.97,93.82,93.98,-0.15,12.82,-4.03
"DWAYNE.ROLOSON","20092010","NYI",2877.32,141,1544,90.87,138,2104,145.56,93.44,93.08,0.36,-3.81,7.56
"DWAYNE.ROLOSON","20102011","T.B",1992.46,85,967,91.21,84,1341,73.17,93.74,94.54,-0.81,-0.72,-10.83
"DWAYNE.ROLOSON","20102011","NYI",1205.98,53,629,91.57,52,903,54.94,94.24,93.92,0.33,1.82,2.94
"DWAYNE.ROLOSON","20112012","T.B",2093.5,128,1126,88.63,128,1539,101.53,91.68,93.4,-1.72,-30.55,-26.47
"EDDIE.LACK","20132014","VAN",2318.83,93,1052,91.16,92,1496,94.31,93.85,93.7,0.15,-2.43,2.31
"EDDIE.LACK","20142015","VAN",2303.96,95,1190,92.02,94,1598,109.5,94.12,93.15,0.97,6.59,15.5
"EDDIE.LACK","20152016","CAR",1919.84,90,910,90.11,89,1292,84.3,93.11,93.48,-0.36,-12.5,-4.7
"EDDIE.LACK","20162017","CAR",1089.4,48,492,90.24,48,738,47.72,93.5,93.53,-0.04,-5.41,-0.28
"ERIK.ERSBERG","20072008","L.A",798.97,33,452,92.7,33,649,35.68,94.92,94.5,0.41,8.2,2.68
"ERIK.ERSBERG","20082009","L.A",1352.12,62,586,89.42,61,873,51.14,93.01,94.14,-1.13,-8.31,-9.86
"EVGENI.NABOKOV","20072008","S.J",4495.55,161,1774,90.92,161,2458,149.26,93.45,93.93,-0.48,0.69,-11.74
"EVGENI.NABOKOV","20082009","S.J",3557.59,146,1606,90.91,145,2191,137.92,93.38,93.71,-0.32,1.14,-7.08
"EVGENI.NABOKOV","20092010","S.J",4114.42,169,2134,92.08,167,2972,185.58,94.38,93.76,0.63,20.61,18.58
"EVGENI.NABOKOV","20112012","NYI",2377.77,101,1170,91.37,101,1687,108.94,94.01,93.54,0.47,0.26,7.94
"EVGENI.NABOKOV","20122013","NYI",2475.39,103,1139,90.96,102,1608,105.58,93.66,93.43,0.22,-2.67,3.58
"EVGENI.NABOKOV","20132014","NYI",2234.23,102,1070,90.47,101,1484,109.5,93.19,92.62,0.57,-9.88,8.5
"FREDERIK.ANDERSEN","20132014","ANA",1569.43,60,783,92.34,57,1075,66.47,94.7,93.82,0.88,7.41,9.47
"FREDERIK.ANDERSEN","20142015","ANA",3078,122,1422,91.42,119,2023,126.73,94.12,93.74,0.38,-0.61,7.73
"FREDERIK.ANDERSEN","20152016","ANA",2297.95,88,1086,91.9,88,1537,94.21,94.27,93.87,0.4,4.49,6.21
"FREDERIK.ANDERSEN","20162017","TOR",3799.36,169,2052,91.76,167,2918,193.78,94.28,93.36,0.92,8.63,26.78
"FREDERIK.ANDERSEN","20172018","TOR",3888.53,182,2211,91.77,182,3054,189.01,94.04,93.81,0.23,12.11,7.01
"FREDERIK.ANDERSEN","20182019","TOR",3510.25,162,1958,91.73,161,2770,168.97,94.19,93.9,0.29,14.43,7.97
"FREDRIK.NORRENA","20072008","CBJ",1874.37,84,807,89.59,81,1049,62.48,92.28,94.04,-1.77,-10.45,-18.52
"GARRET.SPARKS","20152016","TOR",974.95,49,456,89.25,49,640,39.97,92.34,93.75,-1.41,-10.17,-9.03
"GARRET.SPARKS","20182019","TOR",1104.7,58,590,90.17,58,821,47.37,92.94,94.23,-1.29,-4.84,-10.63
"HANNU.TOIVONEN","20072008","STL",1202.49,69,566,87.81,68,807,57.45,91.57,92.88,-1.31,-17.41,-10.55
"HENRIK.KARLSSON","20102011","CGY",834.84,35,387,90.96,34,532,29.64,93.61,94.43,-0.82,-1.27,-4.36
"HENRIK.LUNDQVIST","20072008","NYR",4041.95,147,1710,91.4,142,2337,166.87,93.92,92.86,1.06,8.85,24.87
"HENRIK.LUNDQVIST","20082009","NYR",4147.77,168,2007,91.63,165,2748,197.86,94,92.8,1.2,15.88,32.86
"HENRIK.LUNDQVIST","20092010","NYR",4183.81,167,2100,92.05,167,2951,213.47,94.34,92.77,1.57,19.59,46.47
"HENRIK.LUNDQVIST","20102011","NYR",3966.68,151,1947,92.24,151,2648,177.31,94.3,93.3,0.99,18.7,26.31
"HENRIK.LUNDQVIST","20112012","NYR",3693.3,121,1717,92.95,121,2446,163.81,95.05,93.3,1.75,27.61,42.81
"HENRIK.LUNDQVIST","20122013","NYR",2575.61,88,1190,92.61,88,1661,111.01,94.7,93.32,1.39,16.82,23.01
"HENRIK.LUNDQVIST","20132014","NYR",3630.34,143,1799,92.05,137,2411,159.74,94.32,93.37,0.94,11.88,22.74
"HENRIK.LUNDQVIST","20142015","NYR",2742.62,103,1329,92.25,102,1851,115.52,94.49,93.76,0.73,10.45,13.52
"HENRIK.LUNDQVIST","20152016","NYR",3772.4,156,1944,91.98,156,2726,180.69,94.28,93.37,0.91,9.56,24.69
"HENRIK.LUNDQVIST","20162017","NYR",3240.25,148,1649,91.02,148,2284,151.11,93.52,93.38,0.14,-5.26,3.11
"HENRIK.LUNDQVIST","20172018","NYR",3502.54,174,2037,91.46,172,2738,175.04,93.72,93.61,0.11,4.83,3.04
"HENRIK.LUNDQVIST","20182019","NYR",3088.88,158,1699,90.7,156,2297,148.49,93.21,93.54,-0.33,-4.91,-7.51
"ILYA.BRYZGALOV","20072008","ARI",3147.09,128,1609,92.04,128,2299,139.36,94.43,93.94,0.49,18.65,11.36
"ILYA.BRYZGALOV","20082009","ARI",3699.95,186,1958,90.5,186,2787,161.05,93.33,94.22,-0.9,-6.61,-24.95
"ILYA.BRYZGALOV","20092010","ARI",3963.09,151,1899,92.05,149,2694,163,94.47,93.95,0.52,17.73,14
"ILYA.BRYZGALOV","20102011","ARI",4054.89,168,2122,92.08,167,3012,184.46,94.46,93.88,0.58,16.95,17.46
"ILYA.BRYZGALOV","20112012","PHI",3415.27,141,1554,90.93,140,2197,137.22,93.63,93.75,-0.13,-6.5,-2.78
"ILYA.BRYZGALOV","20122013","PHI",2297.76,107,1066,89.96,105,1563,94.84,93.28,93.93,-0.65,-13.1,-10.16
"ILYA.BRYZGALOV","20132014","EDM",1135.24,57,622,90.84,57,906,57.28,93.71,93.68,0.03,-3.45,0.28
"JACK.CAMPBELL","20182019","L.A",1572.77,60,826,92.74,60,1185,69.97,94.94,94.1,0.84,14.43,9.97
"JACOB.MARKSTROM","20122013","FLA",1265.76,68,685,90.07,68,908,54.08,92.51,94.04,-1.53,-7.66,-13.92
"JACOB.MARKSTROM","20152016","VAN",1847.3,84,988,91.5,84,1348,89.45,93.77,93.36,0.4,0.14,5.45
"JACOB.MARKSTROM","20162017","VAN",1411.83,62,693,91.05,62,930,62.16,93.33,93.32,0.02,-2.01,0.16
"JACOB.MARKSTROM","20172018","VAN",3413.73,154,1747,91.18,152,2428,149.56,93.74,93.84,-0.1,-0.63,-2.44
"JACOB.MARKSTROM","20182019","VAN",3599.02,166,1896,91.24,165,2602,173.09,93.66,93.35,0.31,4.84,8.09
"JAKE.ALLEN","20142015","STL",2076.81,79,909,91.31,79,1275,79.97,93.8,93.73,0.08,-1.4,0.97
"JAKE.ALLEN","20152016","STL",2583.36,101,1261,91.99,101,1685,106.39,94.01,93.69,0.32,6.39,5.39
"JAKE.ALLEN","20162017","STL",3418.04,138,1620,91.48,138,2241,133.44,93.84,94.05,-0.2,2.23,-4.56
"JAKE.ALLEN","20172018","STL",3316.96,152,1614,90.58,152,2186,130.73,93.05,94.02,-0.97,-10.3,-21.27
"JAKE.ALLEN","20182019","STL",2567.92,121,1277,90.52,121,1746,112.56,93.07,93.55,-0.48,-5.93,-8.44
"JAMES.REIMER","20102011","TOR",2080.14,90,1134,92.06,90,1597,91.76,94.36,94.25,0.11,8.84,1.76
"JAMES.REIMER","20112012","TOR",1879.25,97,974,90.04,96,1363,83.01,92.96,93.91,-0.95,-12.7,-12.99
"JAMES.REIMER","20122013","TOR",1856.14,76,994,92.35,76,1433,80.99,94.7,94.35,0.35,11.56,4.99
"JAMES.REIMER","20132014","TOR",1784.63,98,1094,91.04,98,1578,94.2,93.79,94.03,-0.24,-3.81,-3.8
"JAMES.REIMER","20142015","TOR",1766.84,93,1001,90.71,93,1345,89.9,93.09,93.32,-0.23,-7.55,-3.1
"JAMES.REIMER","20152016","TOR",1809,75,920,91.85,75,1294,77.43,94.2,94.02,0.19,3.35,2.43
"JAMES.REIMER","20162017","FLA",2324.26,98,1222,91.98,97,1584,96.5,93.88,93.91,-0.03,7.78,-0.5
"JAMES.REIMER","20172018","FLA",2411.41,120,1372,91.25,118,1855,116.68,93.64,93.71,-0.07,0.45,-1.32
"JAMES.REIMER","20182019","FLA",1805.18,93,929,89.99,92,1245,80.49,92.61,93.53,-0.92,-9.29,-11.51
"JARED.COREAU","20162017","DET",706.87,41,360,88.61,41,505,33.59,91.88,93.35,-1.47,-9.84,-7.41
"JAROSLAV.HALAK","20082009","MTL",1930.78,92,1077,91.46,92,1510,95.43,93.91,93.68,0.23,6.68,3.43
"JAROSLAV.HALAK","20092010","MTL",2629.92,105,1386,92.42,104,1928,118.58,94.61,93.85,0.76,18.15,14.58
"JAROSLAV.HALAK","20102011","STL",3294.39,136,1518,91.04,136,2170,140.31,93.73,93.53,0.2,-3.69,4.31
"JAROSLAV.HALAK","20112012","STL",2686.62,89,1175,92.43,89,1653,104.86,94.62,93.66,0.96,12.7,15.86
"JAROSLAV.HALAK","20132014","STL",2237.97,83,1002,91.72,83,1367,84.02,93.93,93.85,0.07,3.27,1.02
"JAROSLAV.HALAK","20132014","WSH",695.63,27,381,92.91,27,527,31.06,94.88,94.11,0.77,5.8,4.06
"JAROSLAV.HALAK","20142015","NYI",3529.97,141,1665,91.53,140,2284,162.3,93.87,92.89,0.98,1.13,22.3
"JAROSLAV.HALAK","20152016","NYI",2091.16,80,982,91.85,80,1359,90.28,94.11,93.36,0.76,3.63,10.28
"JAROSLAV.HALAK","20162017","NYI",1605.45,75,885,91.53,75,1226,83.11,93.88,93.22,0.66,1.61,8.11
"JAROSLAV.HALAK","20172018","NYI",3024.07,161,1744,90.77,160,2345,154.32,93.18,93.42,-0.24,-7.89,-5.68
"JAROSLAV.HALAK","20182019","BOS",2308.12,90,1158,92.23,90,1590,100.75,94.34,93.66,0.68,14.34,10.75
"JASON.LABARBERA","20072008","L.A",2400.71,121,1331,90.91,121,1838,120.13,93.42,93.46,-0.05,0.31,-0.87
"JASON.LABARBERA","20082009","L.A",990.43,47,440,89.32,46,653,39.85,92.96,93.9,-0.94,-6.69,-6.15
"JASON.LABARBERA","20092010","ARI",927.87,33,459,92.81,33,625,36.17,94.72,94.21,0.51,7.78,3.17
"JASON.LABARBERA","20102011","ARI",882.64,48,528,90.91,48,708,47.22,93.22,93.33,-0.11,-1.98,-0.78
"JASON.LABARBERA","20112012","ARI",994.64,43,477,90.99,43,680,40.45,93.68,94.05,-0.38,-1.72,-2.55
"JASON.LABARBERA","20122013","ARI",725.92,32,418,92.34,32,576,38.86,94.44,93.25,1.19,4.82,6.86
"JEAN-SEBASTIEN.GIGUERE","20072008","ANA",3137.39,111,1434,92.26,111,1929,117.82,94.25,93.89,0.35,19.7,6.82
"JEAN-SEBASTIEN.GIGUERE","20082009","ANA",2389.37,123,1237,90.06,123,1683,103.58,92.69,93.85,-1.15,-9.67,-19.42
"JEAN-SEBASTIEN.GIGUERE","20092010","ANA",1108.35,58,580,90,57,842,55.6,93.23,93.4,-0.17,-6.46,-1.4
"JEAN-SEBASTIEN.GIGUERE","20092010","TOR",915.31,38,451,91.57,37,631,39.58,94.14,93.73,0.41,2.07,2.58
"JEAN-SEBASTIEN.GIGUERE","20102011","TOR",1633.02,78,777,89.96,75,1122,66.98,93.32,94.03,-0.71,-10.28,-8.02
"JEAN-SEBASTIEN.GIGUERE","20112012","COL",1819.57,69,850,91.88,69,1187,70.9,94.19,94.03,0.16,4.57,1.9
"JEAN-SEBASTIEN.GIGUERE","20122013","COL",907.82,43,469,90.83,43,629,38.64,93.16,93.86,-0.69,-1.69,-4.36
"JEAN-SEBASTIEN.GIGUERE","20132014","COL",1211.62,53,608,91.28,53,884,55.2,94,93.76,0.25,-0.65,2.2
"JEFF.DESLAURIERS","20092010","EDM",2613.65,146,1434,89.82,146,2064,127.28,92.93,93.83,-0.91,-18.58,-18.72
"JEFF.GLASS","20172018","CHI",820.87,46,452,89.82,45,624,44.63,92.79,92.85,-0.06,-6.32,-0.37
"JEFF.ZATKOFF","20132014","PIT",1171.32,51,582,91.24,51,816,49.3,93.75,93.96,-0.21,-0.89,-1.7
"JEFF.ZATKOFF","20152016","PIT",732.05,34,408,91.67,33,529,29.93,93.76,94.34,-0.58,0.75,-3.07
"JHONAS.ENROTH","20102011","BUF",769.4,35,377,90.72,35,549,31.64,93.62,94.24,-0.61,-2.14,-3.36
"JHONAS.ENROTH","20112012","BUF",1399.25,63,756,91.67,62,1062,63.76,94.16,94,0.17,2.43,1.76
"JHONAS.ENROTH","20132014","BUF",1574.24,74,834,91.13,73,1170,71.36,93.76,93.9,-0.14,-2.2,-1.64
"JHONAS.ENROTH","20142015","BUF",2204,120,1237,90.3,119,1725,106.55,93.1,93.82,-0.72,-14.4,-12.45
"JHONAS.ENROTH","20152016","L.A",856.29,31,399,92.23,31,549,37.55,94.35,93.16,1.19,2.98,6.55
"JIMMY.HOWARD","20092010","DET",3676.43,138,1814,92.39,138,2406,137.7,94.26,94.28,-0.01,23.18,-0.3
"JIMMY.HOWARD","20102011","DET",3615.26,168,1828,90.81,166,2486,152.1,93.32,93.88,-0.56,-8.67,-13.9
"JIMMY.HOWARD","20112012","DET",3360.26,119,1496,92.05,117,2014,125.39,94.19,93.77,0.42,10.48,8.39
"JIMMY.HOWARD","20122013","DET",2445.72,87,1129,92.29,87,1492,99.03,94.17,93.36,0.81,12.45,12.03
"JIMMY.HOWARD","20132014","DET",3003.79,133,1482,91.03,132,1958,126.19,93.26,93.56,-0.3,-5.41,-5.81
"JIMMY.HOWARD","20142015","DET",2965.64,121,1350,91.04,121,1820,111.13,93.35,93.89,-0.54,-5.76,-9.87
"JIMMY.HOWARD","20152016","DET",1973.7,92,979,90.6,92,1335,89.89,93.11,93.27,-0.16,-8.63,-2.11
"JIMMY.HOWARD","20162017","DET",1396.72,49,675,92.74,49,956,58.74,94.87,93.86,1.02,9.43,9.74
"JIMMY.HOWARD","20172018","DET",3367.65,160,1769,90.96,159,2393,155.38,93.36,93.51,-0.15,-4.69,-3.62
"JIMMY.HOWARD","20182019","DET",3052.72,156,1708,90.87,155,2367,154.09,93.45,93.49,-0.04,-2.1,-0.91
"JOEY.MACDONALD","20082009","NYI",2767.74,156,1574,90.09,154,2167,139.71,92.89,93.55,-0.66,-11.79,-14.29
"JOEY.MACDONALD","20102011","DET",720.84,31,372,91.67,30,508,31.33,94.09,93.83,0.26,1.42,1.33
"JOEY.MACDONALD","20122013","CGY",1128.45,55,552,90.04,55,772,51.38,92.88,93.34,-0.47,-6.38,-3.62
"JOHAN.HEDBERG","20072008","ATL",1746.75,103,936,89,103,1245,78.79,91.73,93.67,-1.94,-17.69,-24.21
"JOHAN.HEDBERG","20082009","ATL",1711.71,100,874,88.56,100,1217,82.21,91.78,93.24,-1.46,-19.92,-17.79
"JOHAN.HEDBERG","20092010","ATL",2631.92,115,1356,91.52,114,1785,120.43,93.61,93.25,0.36,5.49,6.43
"JOHAN.HEDBERG","20102011","N.J",1717.48,68,777,91.25,68,1015,62.08,93.3,93.88,-0.58,-0.28,-5.92
"JOHAN.HEDBERG","20112012","N.J",1591.16,59,718,91.78,57,953,58.21,94.02,93.89,0.13,3.14,1.21
"JOHAN.HEDBERG","20122013","N.J",1108.27,51,435,88.28,51,588,40.53,91.33,93.11,-1.78,-12.68,-10.47
"JOHAN.HOLMQVIST","20072008","T.B",2464.23,124,1126,88.99,120,1546,84.16,92.24,94.56,-2.32,-21.37,-35.84
"JOHN.GIBSON","20142015","ANA",1319.92,57,671,91.51,57,921,56.99,93.81,93.81,0,0.28,-0.01
"JOHN.GIBSON","20152016","ANA",2294.59,79,993,92.04,79,1408,84.91,94.39,93.97,0.42,5.57,5.91
"JOHN.GIBSON","20162017","ANA",2950.37,109,1438,92.42,109,1997,134.1,94.54,93.28,1.26,15.48,25.1
"JOHN.GIBSON","20172018","ANA",3428.47,139,1873,92.58,139,2672,171.99,94.8,93.56,1.23,25.44,32.99
"JOHN.GIBSON","20182019","ANA",3226.5,152,1835,91.72,150,2582,178,94.19,93.11,1.08,13.35,28
"JOHN.GRAHAME","20072008","CAR",827.52,52,407,87.22,50,543,35.68,90.79,93.43,-2.64,-14.9,-14.32
"JONAS.GUSTAVSSON","20092010","TOR",2339.59,112,1146,90.23,111,1609,94.9,93.1,94.1,-1,-10.17,-16.1
"JONAS.GUSTAVSSON","20102011","TOR",1242.1,68,620,89.03,68,873,50.15,92.21,94.26,-2.04,-13.96,-17.85
"JONAS.GUSTAVSSON","20112012","TOR",2300.7,112,1147,90.24,111,1634,100.08,93.21,93.88,-0.67,-12.73,-10.92
"JONAS.GUSTAVSSON","20132014","DET",1550.65,68,734,90.74,67,965,58.59,93.06,93.93,-0.87,-4.81,-8.41
"JONAS.GUSTAVSSON","20152016","BOS",1258.47,57,623,90.85,57,863,49.6,93.4,94.25,-0.86,-3.94,-7.4
"JONAS.HILLER","20072008","ANA",1159.6,41,566,92.76,41,730,52.61,94.38,92.79,1.59,10.59,11.61
"JONAS.HILLER","20082009","ANA",2358.16,91,1160,92.16,91,1636,105.33,94.44,93.56,0.88,15.28,14.33
"JONAS.HILLER","20092010","ANA",3197.77,146,1766,91.73,145,2444,157.28,94.07,93.56,0.5,10.92,12.28
"JONAS.HILLER","20102011","ANA",2671.54,114,1493,92.36,114,2104,132.78,94.58,93.69,0.89,16.13,18.78
"JONAS.HILLER","20112012","ANA",4247.54,182,2017,90.98,180,2871,182.78,93.73,93.63,0.1,-7.43,2.78
"JONAS.HILLER","20122013","ANA",1498.32,59,675,91.26,59,978,59,93.97,93.97,0,0.46,0
"JONAS.HILLER","20132014","ANA",2908.81,120,1349,91.1,119,1981,126.63,93.99,93.61,0.39,-3.86,7.63
"JONAS.HILLER","20142015","CGY",2850.9,113,1368,91.74,113,2001,115.74,94.35,94.22,0.14,3.78,2.74
"JONAS.HILLER","20152016","CGY",1350.85,79,653,87.9,79,944,59.2,91.63,93.73,-2.1,-23.39,-19.8
"JONATHAN.BERNIER","20102011","L.A",1378.24,57,652,91.26,57,900,52.07,93.67,94.21,-0.55,-0.17,-4.93
"JONATHAN.BERNIER","20112012","L.A",890.21,35,383,90.86,35,533,32.31,93.43,93.94,-0.5,-1.85,-2.69
"JONATHAN.BERNIER","20132014","TOR",3078.56,138,1787,92.28,138,2555,147.48,94.6,94.23,0.37,15.85,9.48
"JONATHAN.BERNIER","20142015","TOR",3177.13,152,1735,91.24,152,2494,157.28,93.91,93.69,0.21,-3.89,5.28
"JONATHAN.BERNIER","20152016","TOR",2146.78,103,1114,90.75,103,1556,90.49,93.38,94.18,-0.8,-8.13,-12.51
"JONATHAN.BERNIER","20162017","ANA",1993.2,83,982,91.55,81,1470,89.08,94.49,93.94,0.55,2.01,8.08
"JONATHAN.BERNIER","20172018","COL",2001.41,95,1093,91.31,95,1498,87.32,93.66,94.17,-0.51,0.96,-7.68
"JONATHAN.BERNIER","20182019","DET",1859.9,98,1025,90.44,98,1410,92.19,93.05,93.46,-0.41,-5.64,-5.81
"JONATHAN.QUICK","20082009","L.A",2484.9,103,1195,91.38,103,1692,101.6,93.91,94,-0.08,6.49,-1.4
"JONATHAN.QUICK","20092010","L.A",4099.67,171,1854,90.78,170,2679,163.27,93.65,93.91,-0.25,-6.27,-6.73
"JONATHAN.QUICK","20102011","L.A",3590.57,134,1631,91.78,134,2338,131.52,94.27,94.37,-0.11,8.16,-2.48
"JONATHAN.QUICK","20112012","L.A",4099.44,133,1863,92.86,133,2732,159.22,95.13,94.17,0.96,28.24,26.22
"JONATHAN.QUICK","20122013","L.A",2133.7,87,889,90.21,87,1258,79.6,93.08,93.67,-0.59,-8.69,-7.4
"JONATHAN.QUICK","20132014","L.A",2894.75,100,1180,91.53,98,1720,104.71,94.3,93.91,0.39,1.59,6.71
"JONATHAN.QUICK","20142015","L.A",4180.13,155,1892,91.81,155,2664,156.97,94.18,94.11,0.07,6.51,1.97
"JONATHAN.QUICK","20152016","L.A",4034.5,149,1820,91.81,149,2573,168.42,94.21,93.45,0.75,6,19.42
"JONATHAN.QUICK","20162017","L.A",930.9,35,421,91.69,35,633,44.58,94.47,92.96,1.51,1.44,9.58
"JONATHAN.QUICK","20172018","L.A",3677.06,147,1867,92.13,146,2646,172.09,94.48,93.5,0.99,16.91,26.09
"JONATHAN.QUICK","20182019","L.A",2622.57,148,1314,88.74,148,1865,117.56,92.06,93.7,-1.63,-29.6,-30.44
"JONI.ORTIO","20152016","CGY",1195.54,55,564,90.25,55,814,51.62,93.24,93.66,-0.42,-6.97,-3.38
"JOONAS.KORPISALO","20152016","CBJ",1803.01,78,968,91.94,78,1349,86.95,94.22,93.55,0.66,4.44,8.95
"JOONAS.KORPISALO","20162017","CBJ",790.53,38,401,90.52,38,590,39.64,93.56,93.28,0.28,-3.29,1.64
"JOONAS.KORPISALO","20172018","CBJ",1048.78,58,564,89.72,58,738,49.08,92.14,93.35,-1.21,-8.48,-8.92
"JOONAS.KORPISALO","20182019","CBJ",1360.57,67,651,89.71,67,889,55.49,92.46,93.76,-1.29,-8.34,-11.51
"JORDAN.BINNINGTON","20182019","STL",1856.42,57,795,92.83,57,1123,67.83,94.92,93.96,0.96,14.63,10.83
"JOSE.THEODORE","20072008","COL",2966.67,121,1339,90.96,120,1828,116.22,93.44,93.64,-0.21,1.04,-3.78
"JOSE.THEODORE","20082009","WSH",3263.44,155,1566,90.1,155,2176,139.62,92.88,93.58,-0.71,-11.52,-15.38
"JOSE.THEODORE","20092010","WSH",2585.64,121,1352,91.05,121,1839,118.52,93.42,93.56,-0.13,-0.87,-2.48
"JOSE.THEODORE","20102011","MIN",1792.89,81,963,91.59,81,1335,78.99,93.93,94.08,-0.15,2.93,-2.01
"JOSE.THEODORE","20112012","FLA",3049.43,125,1502,91.68,124,2034,127,93.9,93.76,0.15,5,3
"JOSE.THEODORE","20122013","FLA",766.47,42,391,89.26,42,531,32.27,92.09,93.92,-1.83,-7.56,-9.73
"JOSH.HARDING","20072008","MIN",1510.56,74,795,90.69,74,1053,64.33,92.97,93.89,-0.92,-1.54,-9.67
"JOSH.HARDING","20082009","MIN",849.83,31,441,92.97,31,612,36.35,94.93,94.06,0.87,9.4,5.35
"JOSH.HARDING","20092010","MIN",1300.18,66,692,90.46,66,916,56.47,92.79,93.84,-1.04,-4.51,-9.53
"JOSH.HARDING","20112012","MIN",1849.87,81,980,91.73,81,1361,82.56,94.05,93.93,0.11,3.82,1.56
"JOSH.HARDING","20132014","MIN",1657.72,45,685,93.43,45,1002,53.5,95.51,94.66,0.85,13.97,8.5
"J-SEBASTIEN.AUBIN","20072008","L.A",822.72,44,383,88.51,44,550,35.38,92,93.57,-1.57,-9.09,-8.62
"JUSTIN.PETERS","20122013","CAR",953.55,55,507,89.15,54,719,52.34,92.49,92.72,-0.23,-10.34,-1.66
"JUSTIN.PETERS","20132014","CAR",1225.33,51,626,91.85,51,886,54.35,94.24,93.87,0.38,2.9,3.35
"JUUSE.SAROS","20162017","NSH",1199.94,47,614,92.35,47,864,50.52,94.56,94.15,0.41,6.15,3.52
"JUUSE.SAROS","20172018","NSH",1496.68,61,810,92.47,61,1075,73.86,94.33,93.13,1.2,10.11,12.86
"JUUSE.SAROS","20182019","NSH",1696.22,74,870,91.49,74,1234,81.05,94,93.43,0.57,4.39,7.05
"KARI.LEHTONEN","20072008","ATL",2585.82,126,1472,91.44,126,1922,120.01,93.44,93.76,-0.31,8.16,-5.99
"KARI.LEHTONEN","20082009","ATL",2559.76,131,1458,91.02,129,1903,124.07,93.22,93.48,-0.26,2.58,-4.93
"KARI.LEHTONEN","20102011","DAL",4089.18,175,2030,91.38,175,2839,167.76,93.84,94.09,-0.26,1.93,-7.24
"KARI.LEHTONEN","20112012","DAL",3476.82,136,1725,92.12,134,2423,144.32,94.47,94.04,0.43,13.3,10.32
"KARI.LEHTONEN","20122013","DAL",1986.2,88,1050,91.62,86,1467,101.89,94.14,93.05,1.08,4.49,15.89
"KARI.LEHTONEN","20132014","DAL",3804.02,153,1888,91.9,152,2670,175.35,94.31,93.43,0.87,9.55,23.35
"KARI.LEHTONEN","20142015","DAL",3697.71,181,1875,90.35,179,2636,171.45,93.21,93.5,-0.29,-20.94,-7.55
"KARI.LEHTONEN","20152016","DAL",2279.19,105,1121,90.63,105,1618,105.46,93.51,93.48,0.03,-9.53,0.46
"KARI.LEHTONEN","20162017","DAL",3177.16,151,1547,90.24,150,2207,151.62,93.2,93.13,0.07,-17.09,1.62
"KARI.LEHTONEN","20172018","DAL",1944.29,83,946,91.23,83,1321,77.6,93.72,94.13,-0.41,0.05,-5.4
"KARRI.RAMO","20072008","T.B",1268.71,64,632,89.87,63,865,49.43,92.72,94.29,-1.57,-6.4,-13.57
"KARRI.RAMO","20082009","T.B",1306.9,80,753,89.38,76,1005,64.03,92.44,93.63,-1.19,-11.01,-11.97
"KARRI.RAMO","20132014","CGY",2193.76,97,1092,91.12,97,1536,98.15,93.68,93.61,0.07,-2.98,1.15
"KARRI.RAMO","20142015","CGY",1731.8,75,852,91.2,75,1172,72.19,93.6,93.84,-0.24,-2.27,-2.81
"KARRI.RAMO","20152016","CGY",2144.64,94,1034,90.91,91,1443,88.01,93.69,93.9,-0.21,-5.94,-2.99
"KEITH.KINKAID","20142015","N.J",905.42,40,456,91.23,40,611,37.56,93.45,93.85,-0.4,-1.07,-2.44
"KEITH.KINKAID","20152016","N.J",1240.74,58,605,90.41,58,837,50.1,93.07,94.01,-0.94,-6.48,-7.9
"KEITH.KINKAID","20162017","N.J",1476.08,65,779,91.66,65,1011,66.47,93.57,93.43,0.15,2.43,1.47
"KEITH.KINKAID","20172018","N.J",2297.57,106,1214,91.27,106,1712,105.9,93.81,93.81,-0.01,0.58,-0.1
"KEITH.KINKAID","20182019","N.J",2281.97,125,1176,89.37,124,1661,103.83,92.53,93.75,-1.21,-19.03,-20.17
"KEVIN.POULIN","20132014","NYI",1625.31,89,820,89.15,89,1167,72.79,92.37,93.76,-1.39,-18.4,-16.21
"KEVIN.WEEKES","20082009","N.J",789.54,32,397,91.94,32,516,30.53,93.8,94.08,-0.28,4.37,-1.47
"LAURENT.BROSSOIT","20182019","WPG",1165.28,49,652,92.48,49,898,59.25,94.54,93.4,1.14,9.75,10.25
"LINUS.ULLMARK","20152016","BUF",1130.62,49,565,91.33,49,783,43,93.74,94.51,-0.77,-0.88,-6
"LINUS.ULLMARK","20182019","BUF",2102.1,109,1146,90.49,109,1498,93.07,92.72,93.79,-1.06,-5.74,-15.93
"LOUIS.DOMINGUE","20152016","ARI",2206.07,101,1143,91.16,100,1644,96.97,93.92,94.1,-0.18,-3.66,-3.03
"LOUIS.DOMINGUE","20162017","ARI",1598.68,82,888,90.77,78,1253,78.93,93.77,93.7,0.07,-5.13,0.93
"LOUIS.DOMINGUE","20172018","T.B",686.03,33,384,91.41,33,511,37.23,93.54,92.71,0.83,0.71,4.23
"LOUIS.DOMINGUE","20182019","T.B",1560.62,75,812,90.76,75,1084,66.58,93.08,93.86,-0.78,-1.83,-8.42
"MACKENZIE.BLACKWOOD","20182019","N.J",1263.87,55,669,91.78,53,919,54.32,94.23,94.09,0.14,5.28,1.32
"MALCOLM.SUBBAN","20172018","VGK",1230.19,55,614,91.04,55,863,54.61,93.63,93.67,-0.05,-1.1,-0.39
"MALCOLM.SUBBAN","20182019","VGK",1226.78,60,612,90.2,60,784,49.99,92.35,93.62,-1.28,-4.85,-10.01
"MANNY.FERNANDEZ","20082009","BOS",1644.06,71,791,91.02,71,1059,69.18,93.3,93.47,-0.17,1.47,-1.82
"MANNY.LEGACE","20072008","STL",3458.07,139,1553,91.05,137,2212,135.04,93.81,93.9,-0.09,2.54,-1.96
"MANNY.LEGACE","20082009","STL",1325.56,72,608,88.16,72,845,48.15,91.48,94.3,-2.82,-16.29,-23.85
"MANNY.LEGACE","20092010","CAR",1467.01,69,740,90.68,69,1088,66.96,93.66,93.85,-0.19,-3.25,-2.04
"MARC-ANDRE.FLEURY","20072008","PIT",1775.95,70,873,91.98,70,1254,73.21,94.42,94.16,0.26,9.57,3.21
"MARC-ANDRE.FLEURY","20082009","PIT",3534.35,162,1802,91.01,157,2450,140.68,93.59,94.26,-0.67,3.1,-16.32
"MARC-ANDRE.FLEURY","20092010","PIT",3733.3,166,1743,90.48,165,2505,149.91,93.41,94.02,-0.6,-11.13,-15.09
"MARC-ANDRE.FLEURY","20102011","PIT",3695.17,143,1741,91.79,142,2341,143.49,93.93,93.87,0.06,8.75,1.49
"MARC-ANDRE.FLEURY","20112012","PIT",3831.21,152,1747,91.3,150,2410,154.94,93.78,93.57,0.2,-0.8,4.94
"MARC-ANDRE.FLEURY","20122013","PIT",1857.75,74,881,91.6,74,1235,73.51,94.01,94.05,-0.04,3.6,-0.49
"MARC-ANDRE.FLEURY","20132014","PIT",3787.41,150,1773,91.54,150,2513,144.04,94.03,94.27,-0.24,2.65,-5.96
"MARC-ANDRE.FLEURY","20142015","PIT",3776.69,146,1831,92.03,146,2458,156.47,94.06,93.63,0.43,10.31,10.47
"MARC-ANDRE.FLEURY","20152016","PIT",3462.55,132,1665,92.07,131,2278,134.45,94.25,94.1,0.15,9.8,3.45
"MARC-ANDRE.FLEURY","20162017","PIT",2125.26,107,1181,90.94,106,1547,109.8,93.15,92.9,0.25,-4.77,3.8
"MARC-ANDRE.FLEURY","20172018","VGK",2673.4,100,1376,92.73,100,1908,113.01,94.76,94.08,0.68,20.8,13.01
"MARC-ANDRE.FLEURY","20182019","VGK",3635.13,152,1745,91.29,150,2339,154.53,93.59,93.39,0.19,5.24,4.53
"MAREK.MAZANEC","20132014","NSH",1349.5,63,644,90.22,62,941,51.21,93.41,94.56,-1.15,-7.56,-10.79
"MARTIN.BIRON","20072008","PHI",3479.05,152,1836,91.72,150,2466,140.7,93.92,94.29,-0.38,15.34,-9.3
"MARTIN.BIRON","20082009","PHI",3156.54,146,1707,91.45,144,2349,144.24,93.87,93.86,0.01,10.4,0.24
"MARTIN.BIRON","20092010","NYI",1614.11,88,854,89.7,88,1167,76.17,92.46,93.47,-1.01,-12.12,-11.83
"MARTIN.BIRON","20102011","NYR",927.5,33,426,92.25,33,584,39.5,94.35,93.24,1.11,4.13,6.5
"MARTIN.BIRON","20112012","NYR",1220.03,50,519,90.37,49,713,50.85,93.13,92.87,0.26,-5.08,1.85
"MARTIN.BRODEUR","20072008","N.J",4535.03,167,2047,91.84,162,2673,161.03,93.94,93.98,-0.04,19.57,-0.97
"MARTIN.BRODEUR","20082009","N.J",1813.59,73,870,91.61,73,1124,69.65,93.51,93.8,-0.3,6.71,-3.35
"MARTIN.BRODEUR","20092010","N.J",4459.01,167,1988,91.6,167,2634,153.44,93.66,94.17,-0.51,9.64,-13.56
"MARTIN.BRODEUR","20102011","N.J",3116.07,127,1313,90.33,125,1757,104.73,92.89,94.04,-1.15,-12.56,-20.27
"MARTIN.BRODEUR","20112012","N.J",3387.49,136,1470,90.75,136,1928,119.91,92.95,93.78,-0.83,-8.77,-16.09
"MARTIN.BRODEUR","20122013","N.J",1752.35,65,651,90.02,65,864,56.16,92.48,93.5,-1.02,-7.66,-8.84
"MARTIN.BRODEUR","20132014","N.J",2296.74,96,971,90.11,96,1272,78.54,92.45,93.83,-1.37,-12.4,-17.46
"MARTIN.GERBER","20072008","OTT",3197.06,145,1619,91.04,145,2177,141.69,93.34,93.49,-0.15,2.56,-3.31
"MARTIN.GERBER","20082009","OTT",838.71,40,397,89.92,40,550,30.22,92.73,94.51,-1.78,-3.63,-9.78
"MARTIN.GERBER","20082009","TOR",705.95,38,402,90.55,38,588,34.65,93.54,94.11,-0.57,-1.17,-3.35
"MARTIN.JONES","20132014","L.A",1094.66,33,500,93.4,33,701,44.44,95.29,93.66,1.63,10.05,11.44
"MARTIN.JONES","20152016","S.J",3780.87,143,1729,91.73,143,2423,148.27,94.1,93.88,0.22,4.25,5.27
"MARTIN.JONES","20162017","S.J",3739.07,150,1692,91.13,149,2404,154.37,93.8,93.58,0.22,-3.53,5.37
"MARTIN.JONES","20172018","S.J",3415.73,145,1700,91.47,144,2373,154.27,93.93,93.5,0.43,4.25,10.27
"MARTIN.JONES","20182019","S.J",3575.02,176,1687,89.57,175,2338,158.95,92.51,93.2,-0.69,-23.99,-16.05
"MARTY.TURCO","20072008","DAL",3628.5,140,1543,90.93,139,2173,131.77,93.6,93.94,-0.33,0.63,-7.23
"MARTY.TURCO","20082009","DAL",4183.57,195,1927,89.88,194,2734,167.87,92.9,93.86,-0.96,-18.45,-26.13
"MARTY.TURCO","20092010","DAL",3017.82,137,1579,91.32,137,2225,123.82,93.84,94.44,-0.59,3.3,-13.18
"MARTY.TURCO","20102011","CHI",1631.03,82,799,89.74,82,1058,63.17,92.25,94.03,-1.78,-12.36,-18.83
"MATHIEU.GARON","20072008","EDM",2500.85,113,1283,91.19,112,1858,109.94,93.97,94.08,-0.11,3.94,-2.06
"MATHIEU.GARON","20082009","EDM",814.68,43,408,89.46,42,590,35.79,92.88,93.93,-1.05,-5.62,-6.21
"MATHIEU.GARON","20092010","CBJ",1770.76,83,858,90.33,80,1193,73.82,93.29,93.81,-0.52,-6.76,-6.18
"MATHIEU.GARON","20102011","CBJ",1938,88,887,90.08,88,1227,74.78,92.83,93.91,-1.08,-10.69,-13.22
"MATHIEU.GARON","20112012","T.B",2483.76,118,1192,90.1,118,1686,100.26,93,94.05,-1.05,-14.83,-17.74
"MATHIEU.GARON","20122013","T.B",910.08,44,427,89.7,43,598,34.9,92.81,94.16,-1.35,-6.39,-8.1
"MATTHEW.MURRAY","20162017","PIT",2765.8,111,1450,92.34,111,1910,125.7,94.19,93.42,0.77,14.52,14.7
"MATTHEW.MURRAY","20172018","PIT",1859.37,92,947,90.29,92,1275,81.75,92.78,93.59,-0.8,-8.86,-10.25
"MATT.MURRAY","20172018","PIT",873.58,41,476,91.39,41,630,41.5,93.49,93.41,0.08,0.79,0.5
"MATT.MURRAY","20182019","PIT",2880.23,129,1594,91.91,129,2158,130.29,94.02,93.96,0.06,14.63,1.29
"MAXIME.LAGACE","20172018","VGK",873.51,57,431,86.77,53,578,37.55,90.83,93.5,-2.67,-19.16,-15.45
"MICHAEL.HUTCHINSON","20142015","WPG",2118.35,85,970,91.24,85,1341,89.42,93.66,93.33,0.33,-2.19,4.42
"MICHAEL.HUTCHINSON","20152016","WPG",1585.97,75,804,90.67,75,1083,71.66,93.07,93.38,-0.31,-6.53,-3.34
"MICHAEL.HUTCHINSON","20162017","WPG",1378.32,67,691,90.3,65,919,55.5,92.93,93.96,-1.03,-7.18,-9.5
"MICHAEL.LEIGHTON","20082009","CAR",1028.74,50,507,90.14,48,715,47.32,93.29,93.38,-0.1,-3.55,-0.68
"MICHAEL.LEIGHTON","20092010","PHI",1409.18,57,720,92.08,57,1015,61.69,94.38,93.92,0.46,6.97,4.69
"MICHAL.NEUVIRTH","20092010","WSH",872.23,40,464,91.38,38,642,37.77,94.08,94.12,-0.04,1.23,-0.23
"MICHAL.NEUVIRTH","20102011","WSH",2644.5,110,1261,91.28,109,1730,104.77,93.7,93.94,-0.24,-0.09,-4.23
"MICHAL.NEUVIRTH","20112012","WSH",1999.88,93,965,90.36,93,1345,80.9,93.09,93.99,-0.9,-9.48,-12.1
"MICHAL.NEUVIRTH","20132014","WSH",766.96,36,419,91.41,36,559,35.55,93.56,93.64,-0.08,0.07,-0.45
"MICHAL.NEUVIRTH","20142015","BUF",1543.79,77,941,91.82,76,1312,78.52,94.21,94.02,0.19,3.33,2.52
"MICHAL.NEUVIRTH","20152016","PHI",1825.5,69,908,92.4,68,1235,80.49,94.49,93.48,1.01,8.33,12.49
"MICHAL.NEUVIRTH","20162017","PHI",1363.63,64,586,89.08,64,818,50.22,92.18,93.86,-1.68,-13.27,-13.78
"MICHAL.NEUVIRTH","20172018","PHI",1038.72,45,530,91.51,45,724,44.17,93.78,93.9,-0.11,1.53,-0.83
"MIIKKA.KIPRUSOFF","20072008","CGY",4316.25,192,2057,90.67,191,2746,160.71,93.04,94.15,-1.1,-4.52,-30.29
"MIIKKA.KIPRUSOFF","20082009","CGY",4299.79,205,2092,90.2,204,2910,179.82,92.99,93.82,-0.83,-13.33,-24.18
"MIIKKA.KIPRUSOFF","20092010","CGY",4050.31,157,1945,91.93,157,2735,155.23,94.26,94.32,-0.06,15.82,-1.77
"MIIKKA.KIPRUSOFF","20102011","CGY",4155.64,182,1935,90.59,181,2681,147.32,93.25,94.51,-1.26,-13.35,-33.68
"MIIKKA.KIPRUSOFF","20112012","CGY",4068.98,158,2015,92.16,157,2860,166.13,94.51,94.19,0.32,16.4,9.13
"MIIKKA.KIPRUSOFF","20122013","CGY",1344.08,77,650,88.15,77,928,55.69,91.7,94,-2.3,-19.74,-21.31
"MIKAEL.TELLQVIST","20072008","ARI",1224.07,56,607,90.77,56,791,48.48,92.92,93.87,-0.95,-0.68,-7.52
"MIKAEL.TELLQVIST","20082009","ARI",712.73,32,372,91.4,32,509,30.17,93.71,94.07,-0.36,2.08,-1.83
"MIKE.CONDON","20152016","MTL",3122.67,141,1458,90.33,139,2012,128.55,93.09,93.61,-0.52,-16.83,-10.45
"MIKE.CONDON","20162017","OTT",2304,96,1115,91.39,96,1620,97.08,94.07,94.01,0.07,0.52,1.08
"MIKE.CONDON","20172018","OTT",1626.39,88,898,90.2,87,1234,74.53,92.95,93.96,-1.01,-9.16,-12.47
"MIKE.MCKENNA","20082009","T.B",775.8,46,406,88.67,46,541,33.14,91.5,93.87,-2.38,-8.8,-12.86
"MIKE.SMITH","20072008","DAL",1138.76,45,496,90.93,44,675,38.6,93.48,94.28,-0.8,0.21,-5.4
"MIKE.SMITH","20082009","T.B",2466.35,108,1280,91.56,108,1717,97.35,93.71,94.33,-0.62,9.27,-10.65
"MIKE.SMITH","20092010","T.B",2267.57,117,1165,89.96,114,1551,96.81,92.65,93.76,-1.11,-13.49,-17.19
"MIKE.SMITH","20102011","T.B",1202.48,58,576,89.93,58,787,43.77,92.63,94.44,-1.81,-7.8,-14.23
"MIKE.SMITH","20112012","ARI",3724.83,138,1978,93.02,138,2770,171.74,95.02,93.8,1.22,33.19,33.74
"MIKE.SMITH","20122013","ARI",1955.54,84,938,91.04,84,1318,79.52,93.63,93.97,-0.34,-1.38,-4.48
"MIKE.SMITH","20132014","ARI",3609.97,159,1871,91.5,158,2557,161.27,93.82,93.69,0.13,2.08,3.27
"MIKE.SMITH","20142015","ARI",3555.51,187,1955,90.43,186,2672,171.57,93.04,93.58,-0.54,-20.11,-14.43
"MIKE.SMITH","20152016","ARI",1753.48,77,921,91.64,76,1322,75.97,94.25,94.25,0,1.44,-0.03
"MIKE.SMITH","20162017","ARI",3202.03,156,1819,91.42,154,2637,167.44,94.16,93.65,0.51,1.46,13.44
"MIKE.SMITH","20172018","CGY",3190.59,141,1686,91.64,140,2375,154.26,94.11,93.5,0.6,7.02,14.26
"MIKE.SMITH","20182019","CGY",2400.32,109,1068,89.79,108,1498,100.04,92.79,93.32,-0.53,-12.77,-7.96
"MIKKO.KOSKINEN","20182019","EDM",2991.85,146,1551,90.59,146,2130,144.79,93.15,93.2,-0.06,-6.24,-1.21
"NIKLAS.BACKSTROM","20072008","MIN",3301.91,131,1592,91.77,126,2145,111.26,94.13,94.81,-0.69,14.1,-14.74
"NIKLAS.BACKSTROM","20082009","MIN",4022.15,157,2020,92.23,156,2772,148.7,94.37,94.64,-0.26,28.07,-7.3
"NIKLAS.BACKSTROM","20092010","MIN",3469.38,156,1618,90.36,155,2251,115.38,93.11,94.87,-1.76,-12.24,-39.62
"NIKLAS.BACKSTROM","20102011","MIN",2977.55,132,1566,91.57,131,2156,120.6,93.92,94.41,-0.48,4.49,-10.4
"NIKLAS.BACKSTROM","20112012","MIN",2529.69,101,1271,92.05,101,1820,100.62,94.45,94.47,-0.02,9,-0.38
"NIKLAS.BACKSTROM","20122013","MIN",2348.12,98,1068,90.82,95,1452,79.75,93.46,94.51,-1.05,-3.92,-15.25
"NIKLAS.BACKSTROM","20132014","MIN",1094.12,56,547,89.76,53,735,45.01,92.79,93.88,-1.09,-8.91,-7.99
"NIKLAS.BACKSTROM","20142015","MIN",1004.9,51,452,88.72,51,626,37.19,91.85,94.06,-2.21,-12.41,-13.81
"NIKLAS.SVEDBERG","20142015","BOS",895.19,35,424,91.75,34,590,37.16,94.24,93.7,0.54,1.2,3.16
"NIKOLAI.KHABIBULIN","20072008","CHI",2812.03,125,1350,90.74,125,1717,113.48,92.72,93.39,-0.67,-1.96,-11.52
"NIKOLAI.KHABIBULIN","20082009","CHI",2320.35,86,1108,92.24,86,1419,94.38,93.94,93.35,0.59,15.52,8.38
"NIKOLAI.KHABIBULIN","20092010","EDM",1029.55,51,581,91.22,51,780,47.08,93.46,93.96,-0.5,0.62,-3.92
"NIKOLAI.KHABIBULIN","20102011","EDM",2681.1,153,1380,88.91,153,1952,130.61,92.16,93.31,-1.15,-32.72,-22.39
"NIKOLAI.KHABIBULIN","20112012","EDM",2255.5,100,1111,91,100,1563,107.98,93.6,93.09,0.51,-3.84,7.98
"NIKOLAI.KHABIBULIN","20122013","EDM",683.62,29,376,92.29,29,527,33.64,94.5,93.62,0.88,4.12,4.64
"OLAF.KOLZIG","20072008","WSH",3088.67,151,1394,89.17,148,1894,118.73,92.19,93.73,-1.55,-23.95,-29.27
"ONDREJ.PAVELEC","20092010","ATL",2312.57,127,1347,90.57,127,1783,118.26,92.88,93.37,-0.49,-7.31,-8.74
"ONDREJ.PAVELEC","20102011","ATL",3225.2,147,1705,91.38,144,2299,149.26,93.74,93.51,0.23,1.61,5.26
"ONDREJ.PAVELEC","20112012","WPG",3932.45,191,2036,90.62,190,2820,188.25,93.26,93.32,-0.06,-14.79,-1.75
"ONDREJ.PAVELEC","20122013","WPG",2552.69,119,1251,90.49,118,1747,112.54,93.25,93.56,-0.31,-8.8,-5.46
"ONDREJ.PAVELEC","20132014","WPG",3247.97,163,1644,90.09,160,2315,156.01,93.09,93.26,-0.17,-21.46,-3.99
"ONDREJ.PAVELEC","20142015","WPG",2837.86,108,1353,92.02,108,1849,128.4,94.16,93.06,1.1,7.5,20.4
"ONDREJ.PAVELEC","20152016","WPG",1899,88,918,90.41,88,1282,88.82,93.14,93.07,0.06,-9.82,0.82
"ONDREJ.PAVELEC","20172018","NYR",903.7,46,510,90.98,46,699,50.37,93.42,92.79,0.63,-1.23,4.37
"PASCAL.LECLAIRE","20072008","CBJ",2903.47,108,1336,91.92,107,1744,99.5,93.86,94.29,-0.43,13.77,-7.5
"PASCAL.LECLAIRE","20092010","OTT",1744.78,93,822,88.69,92,1145,74.69,91.97,93.48,-1.51,-19.96,-17.31
"PASCAL.LECLAIRE","20102011","OTT",763.05,36,391,90.79,36,542,35.42,93.36,93.46,-0.11,-1.92,-0.58
"PATRICK.LALIME","20072008","CHI",1827.84,86,835,89.7,86,1075,70,92,93.49,-1.49,-9.9,-16
"PATRICK.LALIME","20082009","BUF",1231.7,66,637,89.64,66,849,50.65,92.23,94.03,-1.81,-7.64,-15.35
"PATRICK.LALIME","20092010","BUF",836.55,39,425,90.82,38,572,36.32,93.36,93.65,-0.29,-1.24,-1.68
"PEKKA.RINNE","20082009","NSH",2979.21,119,1429,91.67,118,1939,117.88,93.91,93.92,-0.01,11.93,-0.12
"PEKKA.RINNE","20092010","NSH",3245.69,137,1541,91.11,134,2067,122.71,93.52,94.06,-0.55,-0.08,-11.29
"PEKKA.RINNE","20102011","NSH",3789.18,134,1903,92.96,133,2581,152.78,94.85,94.08,0.77,31.87,19.78
"PEKKA.RINNE","20112012","NSH",4108.88,163,2133,92.36,163,2904,165.69,94.39,94.29,0.09,21.61,2.69
"PEKKA.RINNE","20122013","NSH",2423.78,97,1091,91.11,96,1537,83.75,93.75,94.55,-0.8,-0.9,-12.25
"PEKKA.RINNE","20132014","NSH",1366.82,63,645,90.23,63,889,48.08,92.91,94.59,-1.68,-7.47,-14.92
"PEKKA.RINNE","20142015","NSH",3850.79,140,1807,92.25,137,2453,136.59,94.42,94.43,-0.02,14.26,-0.41
"PEKKA.RINNE","20152016","NSH",3895.36,161,1745,90.77,161,2331,137.09,93.09,94.12,-1.03,-12.39,-23.91
"PEKKA.RINNE","20162017","NSH",3547.79,144,1743,91.74,143,2375,140.53,93.98,94.08,-0.1,6.88,-2.47
"PEKKA.RINNE","20172018","NSH",3475.46,134,1841,92.72,134,2462,151.65,94.56,93.84,0.72,27.63,17.65
"PEKKA.RINNE","20182019","NSH",3219.73,130,1582,91.78,127,2136,136.45,94.05,93.61,0.44,12.55,9.45
"PETER.BUDAJ","20072008","COL",1787.98,78,798,90.23,78,1129,67.88,93.09,93.99,-0.9,-5.27,-10.12
"PETER.BUDAJ","20082009","COL",3071.18,146,1468,90.05,144,2080,121.45,93.08,94.16,-1.08,-11.5,-22.55
"PETER.BUDAJ","20092010","COL",726.91,32,386,91.71,32,543,30.9,94.11,94.31,-0.2,2.3,-1.1
"PETER.BUDAJ","20102011","COL",2438.36,129,1232,89.53,129,1749,107.3,92.62,93.87,-1.24,-21.62,-21.7
"PETER.BUDAJ","20112012","MTL",1036.94,44,508,91.34,43,720,42.45,94.03,94.1,-0.08,-0.03,-0.55
"PETER.BUDAJ","20132014","MTL",1337.64,56,615,90.89,56,887,55.1,93.69,93.79,-0.1,-3.05,-0.9
"PETER.BUDAJ","20162017","L.A",3029.39,107,1286,91.68,106,1842,114.3,94.25,93.79,0.45,4.32,8.3
"PETR.MRAZEK","20142015","DET",1584.84,63,768,91.8,63,1023,68.46,93.84,93.31,0.53,2.56,5.46
"PETR.MRAZEK","20152016","DET",2960.25,115,1448,92.06,114,1970,126.03,94.21,93.6,0.61,8.32,12.03
"PETR.MRAZEK","20162017","DET",2857.54,145,1462,90.08,145,1986,129.96,92.7,93.46,-0.76,-18.44,-15.04
"PETR.MRAZEK","20172018","DET",1183.51,57,630,90.95,57,888,56.88,93.58,93.59,-0.01,-1.69,-0.12
"PETR.MRAZEK","20172018","PHI",913.2,49,450,89.11,49,627,40.1,92.19,93.6,-1.42,-9.49,-8.9
"PETR.MRAZEK","20182019","CAR",2386.85,95,1104,91.39,95,1550,99.75,93.87,93.56,0.31,4.48,4.75
"PHEONIX.COPLEY","20182019","WSH",1528.93,74,776,90.46,73,1066,71.82,93.15,93.26,-0.11,-4.08,-1.18
"PHILIPP.GRUBAUER","20132014","WSH",883.37,35,469,92.54,35,648,36.85,94.6,94.31,0.29,5.38,1.85
"PHILIPP.GRUBAUER","20152016","WSH",1111.01,43,523,91.78,43,755,45.38,94.3,93.99,0.32,1.54,2.38
"PHILIPP.GRUBAUER","20162017","WSH",1264.57,43,585,92.65,43,824,53.53,94.78,93.5,1.28,7.64,10.53
"PHILIPP.GRUBAUER","20172018","WSH",1864.81,73,953,92.34,72,1392,91.46,94.83,93.43,1.4,10.67,19.46
"PHILIPP.GRUBAUER","20182019","COL",2020.73,89,1071,91.69,88,1445,90.08,93.91,93.77,0.14,7.5,2.08
"RAY.EMERY","20072008","OTT",1624.34,85,757,88.77,85,1028,59.95,91.73,94.17,-2.44,-16,-25.05
"RAY.EMERY","20092010","PHI",1683.57,74,784,90.56,73,1082,71.37,93.25,93.4,-0.15,-4.34,-1.63
"RAY.EMERY","20112012","CHI",1773.78,83,834,90.05,83,1186,80.1,93,93.25,-0.24,-10.82,-2.9
"RAY.EMERY","20122013","CHI",1116.01,36,460,92.17,36,620,40.46,94.19,93.47,0.72,4.52,4.46
"RAY.EMERY","20132014","PHI",1398.42,69,711,90.3,68,996,65.91,93.17,93.38,-0.21,-7.79,-2.09
"RAY.EMERY","20142015","PHI",1569.53,80,758,89.45,80,1068,66.61,92.51,93.76,-1.25,-15.29,-13.39
"RETO.BERRA","20132014","CGY",1648.37,81,787,89.71,81,1097,67.58,92.62,93.84,-1.22,-13.24,-13.42
"RETO.BERRA","20142015","COL",728.44,33,386,91.45,33,518,31.11,93.63,93.99,-0.36,-0.05,-1.89
"RETO.BERRA","20152016","COL",720.72,29,374,92.25,29,522,29.74,94.44,94.3,0.14,2.85,0.74
"RICHARD.BACHMAN","20112012","DAL",928.08,43,473,90.91,43,640,39.39,93.28,93.85,-0.56,-2.06,-3.61
"RICK.DIPIETRO","20072008","NYI",3637.89,170,1753,90.3,166,2398,154.8,93.08,93.54,-0.47,-10.23,-11.2
"RICK.DIPIETRO","20102011","NYI",1533.21,88,773,88.62,88,1113,78.09,92.09,92.98,-0.89,-20.63,-9.91
"ROBERTO.LUONGO","20072008","VAN",4111.08,164,1966,91.66,161,2698,161.54,94.03,94.01,0.02,15.19,0.54
"ROBERTO.LUONGO","20082009","VAN",3011.52,112,1460,92.33,111,2021,125.13,94.51,93.81,0.7,21.77,14.13
"ROBERTO.LUONGO","20092010","VAN",3794.75,163,1862,91.25,163,2514,154.25,93.52,93.86,-0.35,2.45,-8.75
"ROBERTO.LUONGO","20102011","VAN",3580.01,125,1748,92.85,125,2354,145.72,94.69,93.81,0.88,27.36,20.72
"ROBERTO.LUONGO","20112012","VAN",3162.4,127,1577,91.95,126,2068,141.31,93.91,93.17,0.74,9.49,15.31
"ROBERTO.LUONGO","20122013","VAN",1196.92,51,551,90.74,51,750,46.91,93.2,93.75,-0.55,-2.46,-4.09
"ROBERTO.LUONGO","20132014","VAN",2418.02,96,1158,91.71,96,1586,98.15,93.95,93.81,0.14,3.7,2.15
"ROBERTO.LUONGO","20132014","FLA",804.31,33,432,92.36,33,596,37.01,94.46,93.79,0.67,4.19,4.01
"ROBERTO.LUONGO","20142015","FLA",3523.18,138,1741,92.07,138,2351,133.03,94.13,94.34,-0.21,10.62,-4.97
"ROBERTO.LUONGO","20152016","FLA",3601.85,141,1799,92.16,141,2429,142.99,94.2,94.11,0.08,12.21,1.99
"ROBERTO.LUONGO","20162017","FLA",2327.18,104,1218,91.46,103,1579,102.54,93.48,93.51,-0.03,1.44,-0.46
"ROBERTO.LUONGO","20172018","FLA",1965.98,81,1143,92.91,81,1497,89.15,94.59,94.04,0.54,19.35,8.15
"ROBERTO.LUONGO","20182019","FLA",2346.63,122,1205,89.88,122,1685,104.78,92.76,93.78,-1.02,-13.42,-17.22
"ROBIN.LEHNER","20122013","OTT",734.8,27,424,93.63,26,553,32.1,95.3,94.2,1.1,10.35,6.1
"ROBIN.LEHNER","20132014","OTT",1922.15,93,1129,91.76,93,1498,93.75,93.79,93.74,0.05,4.2,0.75
"ROBIN.LEHNER","20142015","OTT",1466.56,74,775,90.45,74,1044,61.81,92.91,94.08,-1.17,-7.84,-12.19
"ROBIN.LEHNER","20152016","BUF",1144.09,47,623,92.46,46,845,46.29,94.56,94.52,0.03,6.06,0.29
"ROBIN.LEHNER","20162017","BUF",3405.48,152,1912,92.05,152,2550,143.69,94.04,94.37,-0.33,13.51,-8.31
"ROBIN.LEHNER","20172018","BUF",2852.02,143,1561,90.84,140,2101,128.72,93.34,93.87,-0.54,-5.96,-11.28
"ROBIN.LEHNER","20182019","NYI",2615.82,93,1323,92.97,93,1823,113.54,94.9,93.77,1.13,26.21,20.54
"RYAN.MILLER","20072008","BUF",4397.81,194,2067,90.61,193,2817,158.65,93.15,94.37,-1.22,-5.61,-34.35
"RYAN.MILLER","20082009","BUF",3373.26,145,1744,91.69,144,2395,130.68,93.99,94.54,-0.56,14.79,-13.32
"RYAN.MILLER","20092010","BUF",3974.74,148,2063,92.83,147,2825,166.63,94.8,94.1,0.69,35.3,19.63
"RYAN.MILLER","20102011","BUF",3829.29,165,1964,91.6,165,2695,156.19,93.88,94.2,-0.33,6.18,-8.81
"RYAN.MILLER","20112012","BUF",3536.4,150,1788,91.61,149,2443,149.67,93.9,93.87,0.03,4.75,0.67
"RYAN.MILLER","20122013","BUF",2302.22,108,1270,91.5,108,1742,110.72,93.8,93.64,0.16,3.87,2.72
"RYAN.MILLER","20132014","BUF",2383.77,108,1410,92.34,108,1902,114,94.32,94.01,0.32,13.39,6
"RYAN.MILLER","20132014","STL",1116.52,46,474,90.3,46,668,39.27,93.11,94.12,-1.01,-5.19,-6.73
"RYAN.MILLER","20142015","VAN",2541.45,107,1198,91.07,105,1667,103.68,93.7,93.78,-0.08,-4.73,-1.32
"RYAN.MILLER","20152016","VAN",3043.48,137,1633,91.61,135,2189,144.02,93.83,93.42,0.41,2.07,9.02
"RYAN.MILLER","20162017","VAN",3211.85,150,1737,91.36,149,2312,149.89,93.56,93.52,0.04,0.36,0.89
"RYAN.MILLER","20172018","ANA",1353.28,53,739,92.83,53,1020,68.61,94.8,93.27,1.53,11.88,15.61
"RYAN.MILLER","20182019","ANA",1108.8,51,578,91.18,51,809,52.2,93.7,93.55,0.15,1.08,1.2
"SCOTT.CLEMMENSEN","20082009","N.J",2356.14,94,1138,91.74,92,1534,87.97,94,94.27,-0.26,10.26,-4.03
"SCOTT.CLEMMENSEN","20092010","FLA",1215.35,59,668,91.17,56,901,52.65,93.78,94.16,-0.37,0.35,-3.35
"SCOTT.CLEMMENSEN","20102011","FLA",1696.06,74,834,91.13,73,1211,67.85,93.97,94.4,-0.43,-1.31,-5.15
"SCOTT.CLEMMENSEN","20112012","FLA",1565.87,67,773,91.33,67,1046,59.37,93.59,94.32,-0.73,-0.1,-7.63
"SCOTT.CLEMMENSEN","20122013","FLA",865.53,53,421,87.41,53,594,41.57,91.08,93,-1.92,-15.92,-11.43
"SCOTT.CLEMMENSEN","20132014","FLA",914.19,47,454,89.65,47,624,41.45,92.47,93.36,-0.89,-7.91,-5.55
"SCOTT.DARLING","20142015","CHI",832.51,27,419,93.56,27,560,36.13,95.18,93.55,1.63,8.77,9.13
"SCOTT.DARLING","20152016","CHI",1556.52,67,781,91.42,67,1066,67.43,93.71,93.67,0.04,-0.49,0.43
"SCOTT.DARLING","20162017","CHI",1688.58,67,877,92.36,67,1133,72.86,94.09,93.57,0.52,8.92,5.86
"SCOTT.DARLING","20172018","CAR",2475.1,131,1171,88.81,131,1662,107.03,92.12,93.56,-1.44,-28.19,-23.97
"SCOTT.WEDGEWOOD","20172018","ARI",1096.51,63,587,89.27,63,877,54.38,92.82,93.8,-0.98,-11.47,-8.62
"SEMYON.VARLAMOV","20092010","WSH",1527.43,65,718,90.95,64,1017,59.17,93.71,94.18,-0.47,-1.2,-4.83
"SEMYON.VARLAMOV","20102011","WSH",1560.05,58,759,92.36,58,1087,66.51,94.66,93.88,0.78,8.15,8.51
"SEMYON.VARLAMOV","20112012","COL",3151.37,136,1564,91.3,135,2162,134.33,93.76,93.79,-0.03,-0.64,-0.67
"SEMYON.VARLAMOV","20122013","COL",1949.66,98,1007,90.27,98,1422,93.24,93.11,93.44,-0.33,-9.3,-4.76
"SEMYON.VARLAMOV","20132014","COL",3619.75,143,1996,92.84,143,2738,166.03,94.78,93.94,0.84,28.84,23.03
"SEMYON.VARLAMOV","20142015","COL",3286.82,140,1777,92.12,139,2497,155.36,94.43,93.78,0.66,11.7,16.36
"SEMYON.VARLAMOV","20152016","COL",3159.4,148,1714,91.37,147,2388,144.83,93.84,93.94,-0.09,-2.03,-2.17
"SEMYON.VARLAMOV","20162017","COL",1347.79,76,745,89.8,75,978,59.35,92.33,93.93,-1.6,-11.51,-15.65
"SEMYON.VARLAMOV","20172018","COL",2861.04,128,1595,91.97,128,2214,133.98,94.22,93.95,0.27,12.03,5.98
"SEMYON.VARLAMOV","20182019","COL",2839.2,136,1495,90.9,134,1986,124.8,93.25,93.72,-0.46,-1.29,-9.2
"SERGEI.BOBROVSKY","20102011","PHI",3017.42,130,1527,91.49,128,2120,137.99,93.96,93.49,0.47,3.09,9.99
"SERGEI.BOBROVSKY","20112012","PHI",1491.31,75,736,89.81,74,1050,74.01,92.95,92.95,0,-11.3,0.01
"SERGEI.BOBROVSKY","20122013","CBJ",2218.93,74,1084,93.17,74,1464,83.19,94.95,94.32,0.63,21.49,9.19
"SERGEI.BOBROVSKY","20132014","CBJ",3299.46,131,1699,92.29,131,2236,130.36,94.14,94.17,-0.03,15.27,-0.64
"SERGEI.BOBROVSKY","20142015","CBJ",2989.45,134,1625,91.75,133,2178,127.16,93.89,94.16,-0.27,4.72,-5.84
"SERGEI.BOBROVSKY","20152016","CBJ",2116.34,97,1049,90.75,94,1421,87.68,93.38,93.83,-0.44,-7.66,-6.32
"SERGEI.BOBROVSKY","20162017","CBJ",3706.93,127,1853,93.15,127,2558,172.08,95.04,93.27,1.76,33.4,45.08
"SERGEI.BOBROVSKY","20172018","CBJ",3911.22,158,1994,92.08,157,2726,183.97,94.24,93.25,0.99,17.06,26.97
"SERGEI.BOBROVSKY","20182019","CBJ",3556.62,153,1756,91.29,152,2403,155.36,93.67,93.53,0.14,5.23,3.36
"STEPHEN.VALIQUETTE","20082009","NYR",803.09,37,409,90.95,37,568,38.37,93.49,93.24,0.24,0.47,1.37
"STEVE.MASON","20082009","CBJ",3542.8,137,1620,91.54,137,2217,136.1,93.82,93.86,-0.04,11.43,-0.9
"STEVE.MASON","20092010","CBJ",3141.61,163,1613,89.89,163,2172,129.2,92.5,94.05,-1.56,-19.68,-33.8
"STEVE.MASON","20102011","CBJ",3026.5,153,1541,90.07,153,2054,129.39,92.55,93.7,-1.15,-18.69,-23.61
"STEVE.MASON","20112012","CBJ",2533.68,143,1355,89.45,142,1740,99.75,91.84,94.27,-2.43,-25.73,-42.25
"STEVE.MASON","20132014","PHI",3485.58,145,1751,91.72,145,2363,137.23,93.86,94.19,-0.33,5.75,-7.77
"STEVE.MASON","20142015","PHI",2885.38,108,1490,92.75,108,2021,123.39,94.66,93.89,0.76,19.2,15.39
"STEVE.MASON","20152016","PHI",3150.46,132,1602,91.76,130,2149,137.81,93.95,93.59,0.36,4.43,7.81
"STEVE.MASON","20162017","PHI",3224.5,143,1556,90.81,142,2152,137.75,93.4,93.6,-0.2,-8.31,-4.25
"STEVE.MASON","20172018","WPG",684.89,37,392,90.56,37,538,35.11,93.12,93.47,-0.35,-2.59,-1.89
"THOMAS.GREISS","20092010","S.J",724.25,33,379,91.29,33,506,33.42,93.48,93.4,0.08,0.68,0.42
"THOMAS.GREISS","20112012","S.J",1042.67,40,472,91.53,40,611,36.1,93.45,94.09,-0.64,0.85,-3.9
"THOMAS.GREISS","20132014","ARI",1292.33,49,618,92.07,49,849,52.31,94.23,93.84,0.39,4.21,3.31
"THOMAS.GREISS","20142015","PIT",1154.61,50,545,90.83,49,724,44.73,93.23,93.82,-0.59,-3.48,-4.27
"THOMAS.GREISS","20152016","NYI",2287.33,90,1197,92.48,90,1627,110,94.47,93.24,1.23,11.94,20
"THOMAS.GREISS","20162017","NYI",2813.3,126,1453,91.33,125,2083,135.38,94,93.5,0.5,-0.22,10.38
"THOMAS.GREISS","20172018","NYI",1491.74,95,879,89.19,95,1192,76.64,92.03,93.57,-1.54,-17.83,-18.36
"THOMAS.GREISS","20182019","NYI",2293.7,87,1185,92.66,87,1622,103.7,94.64,93.61,1.03,19.78,16.7
"TIM.THOMAS","20072008","BOS",3341.97,136,1731,92.14,132,2238,134.62,94.1,93.98,0.12,21.77,2.62
"TIM.THOMAS","20082009","BOS",3198.99,112,1664,93.27,110,2183,133.54,94.96,93.88,1.08,40.46,23.54
"TIM.THOMAS","20092010","BOS",2441.88,104,1221,91.48,104,1580,89.42,93.42,94.34,-0.92,4.49,-14.58
"TIM.THOMAS","20102011","BOS",3363.97,112,1811,93.82,111,2431,143.99,95.43,94.08,1.36,45.85,32.99
"TIM.THOMAS","20112012","BOS",3351.53,132,1659,92.04,132,2192,124.19,93.98,94.33,-0.36,11.59,-7.81
"TIM.THOMAS","20132014","FLA",2273.89,110,1191,90.76,108,1525,101.12,92.92,93.37,-0.45,-7.46,-6.88
"TOMAS.VOKOUN","20072008","FLA",3930.67,175,2166,91.92,174,2891,172.95,93.98,94.02,-0.04,22.42,-1.05
"TOMAS.VOKOUN","20082009","FLA",3319.05,138,1856,92.56,138,2553,145.2,94.59,94.31,0.28,32.05,7.2
"TOMAS.VOKOUN","20092010","FLA",3630.01,155,2039,92.4,154,2761,158.06,94.42,94.28,0.15,26.17,4.06
"TOMAS.VOKOUN","20102011","FLA",3224.14,137,1753,92.18,137,2354,140.7,94.18,94.02,0.16,15.79,3.7
"TOMAS.VOKOUN","20112012","WSH",2523.64,106,1263,91.61,104,1745,103.5,94.04,94.07,-0.03,3.31,-0.5
"TOMAS.VOKOUN","20122013","PIT",1028.54,42,519,91.91,42,710,44.36,94.08,93.75,0.33,3.72,2.36
"TRISTAN.JARRY","20172018","PIT",1363.94,63,687,90.83,63,931,63.1,93.23,93.22,0.01,-2.69,0.1
"TUUKKA.RASK","20092010","BOS",2557.19,84,1218,93.1,84,1637,100.35,94.87,93.87,1,24.22,16.35
"TUUKKA.RASK","20102011","BOS",1594.37,71,866,91.8,70,1164,68.32,93.99,94.13,-0.14,4.48,-1.68
"TUUKKA.RASK","20112012","BOS",1289.4,44,621,92.91,44,846,47.82,94.8,94.35,0.45,9.75,3.82
"TUUKKA.RASK","20122013","BOS",2104.24,70,980,92.86,70,1358,85.97,94.85,93.67,1.18,16.32,15.97
"TUUKKA.RASK","20132014","BOS",3386.45,115,1641,92.99,113,2212,121.89,94.89,94.49,0.4,26.28,8.89
"TUUKKA.RASK","20142015","BOS",4062.98,156,2011,92.24,155,2741,158.24,94.35,94.23,0.12,15.67,3.24
"TUUKKA.RASK","20152016","BOS",3678.06,157,1855,91.54,155,2632,157.41,94.11,94.02,0.09,0.98,2.41
"TUUKKA.RASK","20162017","BOS",3659.59,137,1604,91.46,137,2278,136.11,93.99,94.03,-0.04,1.85,-0.89
"TUUKKA.RASK","20172018","BOS",3173.07,125,1514,91.74,124,2093,125.73,94.08,93.99,0.08,7.92,1.73
"TUUKKA.RASK","20182019","BOS",2635.15,109,1245,91.24,108,1710,103.9,93.68,93.92,-0.24,3.18,-4.1
"TY.CONKLIN","20072008","PIT",1785.65,73,946,92.28,73,1331,69.7,94.52,94.76,-0.25,13.22,-3.3
"TY.CONKLIN","20082009","DET",2117.18,86,960,91.04,85,1303,78.76,93.48,93.96,-0.48,1.96,-6.24
"TY.CONKLIN","20092010","STL",1451.18,60,764,92.15,59,1047,63.85,94.36,93.9,0.46,7.88,4.85
"TY.CONKLIN","20102011","STL",1285.44,69,583,88.16,69,775,47.62,91.1,93.86,-2.76,-18.19,-21.38
"TY.CONKLIN","20112012","DET",804.44,44,378,88.36,44,516,35.04,91.47,93.21,-1.74,-11.28,-8.96
"VESA.TOSKALA","20072008","TOR",3777.48,173,1796,90.37,169,2485,158.74,93.2,93.61,-0.41,-9.31,-10.26
"VESA.TOSKALA","20082009","TOR",2957.42,163,1472,88.93,163,2109,134.63,92.27,93.62,-1.35,-28.13,-28.37
"VESA.TOSKALA","20092010","TOR",1393.02,85,675,87.41,85,966,63.59,91.2,93.42,-2.22,-25.02,-21.41
"VIKTOR.FASTH","20122013","ANA",1428.3,52,661,92.13,51,944,58.18,94.6,93.84,0.76,6.22,7.18
"VIKTOR.FASTH","20142015","EDM",1336.49,76,681,88.84,76,978,64.27,92.23,93.43,-1.2,-17.87,-11.73
"WADE.DUBIELEWICZ","20072008","NYI",1132.4,51,627,91.87,49,882,61.53,94.44,93.02,1.42,6.15,12.53
"YANN.DANIS","20082009","NYI",1760.1,84,933,91,83,1293,83.42,93.58,93.55,0.03,1.48,0.42
